name/common,name/official,name_ar,name/official_ar,Phone Code,cca2,cca3,independent,unMember,capital,capital_ar,region,region_ar,subregion,area,maps/googleMaps,maps/openStreetMaps,population,flags/svg,coatOfArms/svg,currencies/SAR/name
Saudi Arabia,Kingdom of Saudi Arabia,المملكة العربية السعودية,المملكة العربية السعودية,966,SA,SAU,TRUE,TRUE,Riyadh,الرياض,Asia,آسيا,Western Asia,2149690,https://goo.gl/maps/5PSjvdJ1AyaLFRrG9,https://www.openstreetmap.org/relation/307584,34813867,https://flagcdn.com/sa.svg,https://mainfacts.com/media/images/coats_of_arms/sa.svg,Saudi riyal
Afghanistan,Islamic Republic of Afghanistan,أفغانستان,جمهورية أفغانستان الاسلامية,93,AF,AFG,TRUE,TRUE,Kabul,كابول,Asia,آسيا,Southern Asia,652230,https://goo.gl/maps/BXBGw7yUUFknCfva9,https://www.openstreetmap.org/relation/303427,40218234,https://upload.wikimedia.org/wikipedia/commons/5/5c/Flag_of_the_Taliban.svg,https://mainfacts.com/media/images/coats_of_arms/af.svg,
Albania,Republic of Albania,ألبانيا,جمهورية ألبانيا,355,AL,ALB,TRUE,TRUE,Tirana,تيرانا,Europe,أوروبا,Southeast Europe,28748,https://goo.gl/maps/BzN9cTuj68ZA8SyZ8,https://www.openstreetmap.org/relation/53292,2837743,https://flagcdn.com/al.svg,https://mainfacts.com/media/images/coats_of_arms/al.svg,
Algeria,People's Democratic Republic of Algeria,الجزائر,جمهورية الجزائر الديمقراطية الشعبية,213,DZ,DZA,TRUE,TRUE,Algiers,الجزائر العاصمة,Africa,أفريقيا,Northern Africa,2381741,https://goo.gl/maps/RsAyAfyaiNVb8DpW8,https://www.openstreetmap.org/relation/192756,510713,https://flagcdn.com/dz.svg,https://mainfacts.com/media/images/coats_of_arms/dz.svg,
American Samoa,American Samoa,ساموا الأمريكية,ساموا الأمريكية,1-684,AS,ASM,FALSE,FALSE,Pago Pago,وباجو باغو,Oceania,أوقيانوسيا,Polynesia,199,https://goo.gl/maps/Re9ePMjwP1sFCBFA6,https://www.openstreetmap.org/relation/2177187,55197,https://flagcdn.com/as.svg,,
Andorra,Principality of Andorra,أندورا,إمارة أندورا,376,AD,AND,TRUE,TRUE,Andorra la Vella,أندورا لا فيلا,Europe,أوروبا,Southern Europe,468,https://goo.gl/maps/JqAnacWE2qEznKgw7,https://www.openstreetmap.org/relation/9407,77265,https://flagcdn.com/ad.svg,https://mainfacts.com/media/images/coats_of_arms/ad.svg,
Angola,Republic of Angola,أنغولا,جمهورية أنغولا,244,AO,AGO,TRUE,TRUE,Luanda,لواندا,Africa,أفريقيا,Middle Africa,1246700,https://goo.gl/maps/q42Qbf1BmQL3fuZg9,https://www.openstreetmap.org/relation/195267,32866268,https://flagcdn.com/ao.svg,https://mainfacts.com/media/images/coats_of_arms/ao.svg,
Anguilla,Anguilla,أنغيلا,أنغيلا,1-264,AI,AIA,FALSE,FALSE,The Valley,الوادي,Americas,الأمريكتين,Caribbean,91,https://goo.gl/maps/3KgLnEyN7amdno2p9,https://www.openstreetmap.org/relation/2177161,13452,https://flagcdn.com/ai.svg,https://mainfacts.com/media/images/coats_of_arms/ai.svg,
Antarctica,Antarctica,أنتاركتيكا,أنتاركتيكا,672,AQ,ATA,FALSE,FALSE,,#VALUE!,Antarctic,القطب الجنوبي,,14000000,https://goo.gl/maps/kyBuJriu4itiXank7,https://www.openstreetmap.org/node/36966060,1000,https://flagcdn.com/aq.svg,https://mainfacts.com/media/images/coats_of_arms/aq.svg,
Antigua and Barbuda,Antigua and Barbuda,أنتيغوا وبربودا,أنتيغوا وبربودا,1-268,AG,ATG,TRUE,TRUE,Saint John's,سانت جون,Americas,الأمريكتين,Caribbean,442,https://goo.gl/maps/fnye4wGJ1RzC9jpX9,https://www.openstreetmap.org/relation/536900,97928,https://flagcdn.com/ag.svg,https://mainfacts.com/media/images/coats_of_arms/ag.svg,
Argentina,Argentine Republic,الأرجنتين,جمهورية الأرجنتين,54,AR,ARG,TRUE,TRUE,Buenos Aires,بوينس آيرس,Americas,الأمريكتين,South America,2780400,https://goo.gl/maps/Z9DXNxhf2o93kvyc6,https://www.openstreetmap.org/relation/286393,45376763,https://flagcdn.com/ar.svg,https://mainfacts.com/media/images/coats_of_arms/ar.svg,
Armenia,Republic of Armenia,أرمينيا,جمهورية أرمينيا,374,AM,ARM,TRUE,TRUE,Yerevan,يريفان,Asia,آسيا,Western Asia,29743,https://goo.gl/maps/azWUtK9bUQYEyccbA,https://www.openstreetmap.org/relation/364066,2963234,https://flagcdn.com/am.svg,https://mainfacts.com/media/images/coats_of_arms/am.svg,
Aruba,Aruba,أروبا,أروبا,297,AW,ABW,FALSE,FALSE,Oranjestad,oranjestad.,Americas,الأمريكتين,Caribbean,180,https://goo.gl/maps/8hopbQqifHAgyZyg8,https://www.openstreetmap.org/relation/1231749,106766,https://flagcdn.com/aw.svg,https://mainfacts.com/media/images/coats_of_arms/aw.svg,
Australia,Commonwealth of Australia,أستراليا,كومنولث أستراليا,61,AU,AUS,TRUE,TRUE,Canberra,كانبيرا,Oceania,أوقيانوسيا,Australia and New Zealand,7692024,https://goo.gl/maps/DcjaDa7UbhnZTndH6,https://www.openstreetmap.org/relation/80500,25687041,https://flagcdn.com/au.svg,https://mainfacts.com/media/images/coats_of_arms/au.svg,
Austria,Republic of Austria,النمسا,جمهورية النمسا,43,AT,AUT,TRUE,TRUE,Vienna,فيينا,Europe,أوروبا,Central Europe,83871,https://goo.gl/maps/pCWpWQhznHyRzQcu9,https://www.openstreetmap.org/relation/16239,8917205,https://flagcdn.com/at.svg,https://mainfacts.com/media/images/coats_of_arms/at.svg,
Azerbaijan,Republic of Azerbaijan,أذربيجان,جمهورية أذربيجان,994,AZ,AZE,TRUE,TRUE,Baku,باكو,Asia,آسيا,Western Asia,86600,https://goo.gl/maps/az3Zz7ar2aoB9AUc6,https://www.openstreetmap.org/relation/364110,10110116,https://flagcdn.com/az.svg,https://mainfacts.com/media/images/coats_of_arms/az.svg,
Bahamas,Commonwealth of the Bahamas,جزر البهاما,كومنولث جزر البهاما,1-242,BS,BHS,TRUE,TRUE,Nassau,ناساو,Americas,الأمريكتين,Caribbean,13943,https://goo.gl/maps/1YzRs1BZrG8p8pmVA,https://www.openstreetmap.org/relation/547469,393248,https://flagcdn.com/bs.svg,https://mainfacts.com/media/images/coats_of_arms/bs.svg,
Bahrain,Kingdom of Bahrain,البحرين,مملكة البحرين,973,BH,BHR,TRUE,TRUE,Manama,المنامة,Asia,آسيا,Western Asia,765,https://goo.gl/maps/5Zue99Zc6vFBHxzJ7,https://www.openstreetmap.org/relation/378734,1701583,https://flagcdn.com/bh.svg,https://mainfacts.com/media/images/coats_of_arms/bh.svg,
Bangladesh,People's Republic of Bangladesh,بنغلاديش,جمهورية بنغلاديش الشعبية,880,BD,BGD,TRUE,TRUE,Dhaka,دكا,Asia,آسيا,Southern Asia,147570,https://goo.gl/maps/op6gmLbHcvv6rLhH6,https://www.openstreetmap.org/relation/184640,164689383,https://flagcdn.com/bd.svg,https://mainfacts.com/media/images/coats_of_arms/bd.svg,
Barbados,Barbados,بربادوس,بربادوس,1-246,BB,BRB,TRUE,TRUE,Bridgetown,بريدجتاون,Americas,الأمريكتين,Caribbean,430,https://goo.gl/maps/2m36v8STvbGAWd9c7,https://www.openstreetmap.org/relation/547511,287371,https://flagcdn.com/bb.svg,https://mainfacts.com/media/images/coats_of_arms/bb.svg,
Belarus,Republic of Belarus,بيلاروسيا,جمهورية بيلاروسيا,375,BY,BLR,TRUE,TRUE,Minsk,مينسك,Europe,أوروبا,Eastern Europe,207600,https://goo.gl/maps/PJUDU3EBPSszCQcu6,https://www.openstreetmap.org/relation/59065,9398861,https://flagcdn.com/by.svg,https://mainfacts.com/media/images/coats_of_arms/by.svg,
Belgium,Kingdom of Belgium,بلجيكا,مملكة بلجيكا,32,BE,BEL,TRUE,TRUE,Brussels,بروكسل,Europe,أوروبا,Western Europe,30528,https://goo.gl/maps/UQQzat85TCtPRXAL8,https://www.openstreetmap.org/relation/52411,11555997,https://flagcdn.com/be.svg,https://mainfacts.com/media/images/coats_of_arms/be.svg,
Belize,Belize,بليز,بليز,501,BZ,BLZ,TRUE,TRUE,Belmopan,بلموبان,Americas,الأمريكتين,Central America,22966,https://goo.gl/maps/jdCccpdLodm1uTmo9,https://www.openstreetmap.org/relation/287827,397621,https://flagcdn.com/bz.svg,https://mainfacts.com/media/images/coats_of_arms/bz.svg,
Benin,Republic of Benin,بنين,جمهورية بنين,229,BJ,BEN,TRUE,TRUE,Porto-Novo,بورتو نوفو,Africa,أفريقيا,Western Africa,112622,https://goo.gl/maps/uMw1BsHEXQYgVFFu6,https://www.openstreetmap.org/relation/192784,12123198,https://flagcdn.com/bj.svg,https://mainfacts.com/media/images/coats_of_arms/bj.svg,
Bermuda,Bermuda,برمودا,برمودا,1-441,BM,BMU,FALSE,FALSE,Hamilton,هاميلتون,Americas,الأمريكتين,North America,54,https://goo.gl/maps/NLsRGNjTzDghTtAJA,https://www.openstreetmap.org/relation/1993208,63903,https://flagcdn.com/bm.svg,https://mainfacts.com/media/images/coats_of_arms/bm.svg,
Bhutan,Kingdom of Bhutan,بوتان,مملكة بوتان,975,BT,BTN,TRUE,TRUE,Thimphu,تيمفو,Asia,آسيا,Southern Asia,38394,https://goo.gl/maps/VEfXXBftTFLUpNgp8,https://www.openstreetmap.org/relation/184629,771612,https://flagcdn.com/bt.svg,https://mainfacts.com/media/images/coats_of_arms/bt.svg,
Bolivia,Plurinational State of Bolivia,بوليفيا,دولة بوليفيا المتعددة,591,BO,BOL,TRUE,TRUE,Sucre,سوكري,Americas,الأمريكتين,South America,1098581,https://goo.gl/maps/9DfnyfbxNM2g5U9b9,https://www.openstreetmap.org/relation/252645,11673029,https://flagcdn.com/bo.svg,https://mainfacts.com/media/images/coats_of_arms/bo.svg,
Bosnia and Herzegovina,Bosnia and Herzegovina,البوسنة والهرسك,البوسنة والهرسك,387,BA,BIH,TRUE,TRUE,Sarajevo,سراييفو,Europe,أوروبا,Southeast Europe,51209,https://www.google.com/maps/place/Bosnia+and+Herzegovina,https://www.openstreetmap.org/relation/2528142,3280815,https://flagcdn.com/ba.svg,https://mainfacts.com/media/images/coats_of_arms/ba.svg,
Botswana,Republic of Botswana,بوتسوانا,جمهورية بوتسوانا,267,BW,BWA,TRUE,TRUE,Gaborone,غابورون,Africa,أفريقيا,Southern Africa,582000,https://goo.gl/maps/E364KeLy6N4JwxwQ8,https://www.openstreetmap.org/relation/1889339,2351625,https://flagcdn.com/bw.svg,https://mainfacts.com/media/images/coats_of_arms/bw.svg,
Bouvet Island,Bouvet Island,جزيرة بوجيت,جزيرة بوجيت,55,BV,BVT,FALSE,FALSE,,#VALUE!,Antarctic,القطب الجنوبي,,49,https://goo.gl/maps/7WRQAEKZb4uK36yi9,https://www.openstreetmap.org/way/174996681,0,https://flagcdn.com/bv.svg,,
Brazil,Federative Republic of Brazil,البرازيل,جمهورية البرازيل الاتحادية,55,BR,BRA,TRUE,TRUE,Brasília,برازيليا,Americas,الأمريكتين,South America,8515767,https://goo.gl/maps/waCKk21HeeqFzkNC9,https://www.openstreetmap.org/relation/59470,212559409,https://flagcdn.com/br.svg,https://mainfacts.com/media/images/coats_of_arms/br.svg,
British Indian Ocean Territory,British Indian Ocean Territory,إقليم المحيط البريطاني الهندي,إقليم المحيط البريطاني الهندي,246,IO,IOT,FALSE,FALSE,Diego Garcia,دييغو غارسيا,Africa,أفريقيا,Eastern Africa,60,https://goo.gl/maps/bheNucgekVEYozoi6,https://www.openstreetmap.org/relation/1993867,3000,https://flagcdn.com/io.svg,,
British Virgin Islands,Virgin Islands,جزر فيرجن البريطانية,جزر فيرجن,1-284,VG,VGB,FALSE,FALSE,Road Town,طريق المدينة,Americas,الأمريكتين,Caribbean,151,https://goo.gl/maps/49C9cSesNVAR9DQk8,https://www.openstreetmap.org/relation/285454,30237,https://flagcdn.com/vg.svg,https://mainfacts.com/media/images/coats_of_arms/vg.svg,
Brunei,"Nation of Brunei, Abode of Peace",بروناي,أمة بروناي، دار السلام,673,BN,BRN,TRUE,TRUE,Bandar Seri Begawan,بندر سيري بيغاوان,Asia,آسيا,South-Eastern Asia,5765,https://goo.gl/maps/4jb4CqBXhr8vNh579,https://www.openstreetmap.org/relation/2103120,437483,https://flagcdn.com/bn.svg,https://mainfacts.com/media/images/coats_of_arms/bn.svg,
Bulgaria,Republic of Bulgaria,بلغاريا,جمهورية بلغاريا,359,BG,BGR,TRUE,TRUE,Sofia,صوفيا,Europe,أوروبا,Southeast Europe,110879,https://goo.gl/maps/F5uAhDGWzc3BrHfm9,https://www.openstreetmap.org/relation/186382,6927288,https://flagcdn.com/bg.svg,https://mainfacts.com/media/images/coats_of_arms/bg.svg,
Burkina Faso,Burkina Faso,بوركينا فاسو,بوركينا فاسو,226,BF,BFA,TRUE,TRUE,Ouagadougou,واغادوغو,Africa,أفريقيا,Western Africa,272967,https://goo.gl/maps/rKRmpcMbFher2ozb7,https://www.openstreetmap.org/relation/192783,20903278,https://flagcdn.com/bf.svg,https://mainfacts.com/media/images/coats_of_arms/bf.svg,
Burundi,Republic of Burundi,بوروندي,جمهورية بوروندي,257,BI,BDI,TRUE,TRUE,Gitega,gitega.,Africa,أفريقيا,Eastern Africa,27834,https://goo.gl/maps/RXPWoRrB9tfrJpUG7,https://www.openstreetmap.org/relation/195269,11890781,https://flagcdn.com/bi.svg,https://mainfacts.com/media/images/coats_of_arms/bi.svg,
Cambodia,Kingdom of Cambodia,كمبوديا,مملكة كمبوديا,855,KH,KHM,TRUE,TRUE,Phnom Penh,بنوم بنه,Asia,آسيا,South-Eastern Asia,181035,https://goo.gl/maps/nztQtFSrUXZymJaW8,https://www.openstreetmap.org/relation/49898,16718971,https://flagcdn.com/kh.svg,https://mainfacts.com/media/images/coats_of_arms/kh.svg,
Cameroon,Republic of Cameroon,الكاميرون,جمهورية الكاميرون,237,CM,CMR,TRUE,TRUE,Yaoundé,Yaoundé.,Africa,أفريقيا,Middle Africa,475442,https://goo.gl/maps/JqiipHgFboG3rBJh9,https://www.openstreetmap.org/relation/192830,26545864,https://flagcdn.com/cm.svg,https://mainfacts.com/media/images/coats_of_arms/cm.svg,
Canada,Canada,كندا,كندا,1,CA,CAN,TRUE,TRUE,Ottawa,أوتاوا,Americas,الأمريكتين,North America,9984670,https://goo.gl/maps/jmEVLugreeqiZXxbA,https://www.openstreetmap.org/relation/1428125,38005238,https://flagcdn.com/ca.svg,https://mainfacts.com/media/images/coats_of_arms/ca.svg,
Cape Verde,Republic of Cabo Verde,الرأس الأخضر,جمهورية كابو فيردي,238,CV,CPV,TRUE,TRUE,Praia,برايا,Africa,أفريقيا,Western Africa,4033,https://goo.gl/maps/Kc9vy5ChjuiAgMfXA,https://www.openstreetmap.org/relation/535774,555988,https://flagcdn.com/cv.svg,https://mainfacts.com/media/images/coats_of_arms/cv.svg,
Netherlands Antilles,"Bonaire, Sint Eustatius and Saba",جزر الأنتيل الهولندية,بونير، سينت أوستاتيوس وسابا,599,BQ,BES,FALSE,FALSE,Kralendijk,kralendijk.,Americas,الأمريكتين,Caribbean,328,https://goo.gl/maps/4XVes1P6uEDTz77WA,https://www.openstreetmap.org/relation/1216720,25987,https://flagcdn.com/bq.svg,https://mainfacts.com/media/images/coats_of_arms/bq.svg,
Cayman Islands,Cayman Islands,جزر كايمان,جزر كايمان,1-345,KY,CYM,FALSE,FALSE,George Town,جورج تاون,Americas,الأمريكتين,Caribbean,264,https://goo.gl/maps/P3ZVXX3LH63t91hL8,https://www.openstreetmap.org/relation/7269765,65720,https://flagcdn.com/ky.svg,https://mainfacts.com/media/images/coats_of_arms/ky.svg,
Central African Republic,Central African Republic,جمهورية افريقيا الوسطى,جمهورية افريقيا الوسطى,236,CF,CAF,TRUE,TRUE,Bangui,بانغي,Africa,أفريقيا,Middle Africa,622984,https://goo.gl/maps/51V8dsi2rGYC9n3c9,https://www.openstreetmap.org/relation/192790,4829764,https://flagcdn.com/cf.svg,https://mainfacts.com/media/images/coats_of_arms/cf.svg,
Chad,Republic of Chad,تشاد,جمهورية تشاد,235,TD,TCD,TRUE,TRUE,N'Djamena,n'djamena.,Africa,أفريقيا,Middle Africa,1284000,https://goo.gl/maps/ziUdAZ8skuNfx5Hx7,https://www.openstreetmap.org/relation/2361304,16425859,https://flagcdn.com/td.svg,https://mainfacts.com/media/images/coats_of_arms/td.svg,
Chile,Republic of Chile,شيلي,جمهورية شيلي,56,CL,CHL,TRUE,TRUE,Santiago,سانتياغو,Americas,الأمريكتين,South America,756102,https://goo.gl/maps/XboxyNHh2fAjCPNn9,https://www.openstreetmap.org/relation/167454,19116209,https://flagcdn.com/cl.svg,https://mainfacts.com/media/images/coats_of_arms/cl.svg,
China,People's Republic of China,الصين,جمهورية الصين الشعبية,86,CN,CHN,TRUE,TRUE,Beijing,بيجين,Asia,آسيا,Eastern Asia,9706961,https://goo.gl/maps/p9qC6vgiFRRXzvGi7,https://www.openstreetmap.org/relation/270056,1402112000,https://flagcdn.com/cn.svg,https://mainfacts.com/media/images/coats_of_arms/cn.svg,
Christmas Island,Territory of Christmas Island,جزيرة الكريسماس,إقليم جزيرة الكريسماس,61,CX,CXR,FALSE,FALSE,Flying Fish Cove,تحلق الأسماك كوف,Oceania,أوقيانوسيا,Australia and New Zealand,135,https://goo.gl/maps/ZC17hHsQZpShN5wk9,https://www.openstreetmap.org/relation/6365444,2072,https://flagcdn.com/cx.svg,https://mainfacts.com/media/images/coats_of_arms/cx.svg,
Cocos (Keeling) Islands,Territory of the Cocos (Keeling) Islands,جزر كوكوس (كيلينغ),إقليم جزر كوكوس (كيلينغ),61,CC,CCK,FALSE,FALSE,West Island,جزيرة ويست,Oceania,أوقيانوسيا,Australia and New Zealand,14,https://goo.gl/maps/3eCdKVpVfMcZyKcK6,https://www.openstreetmap.org/relation/82636,544,https://flagcdn.com/cc.svg,,
Colombia,Republic of Colombia,كولومبيا,جمهورية كولومبيا,57,CO,COL,TRUE,TRUE,Bogotá,بوجوتا,Americas,الأمريكتين,South America,1141748,https://goo.gl/maps/RdwTG8e7gPwS62oR6,https://www.openstreetmap.org/relation/120027,50882884,https://flagcdn.com/co.svg,https://mainfacts.com/media/images/coats_of_arms/co.svg,
Comoros,Union of the Comoros,جزر القمر,اتحاد جزر القمر,269,KM,COM,TRUE,TRUE,Moroni,موروني,Africa,أفريقيا,Eastern Africa,1862,https://goo.gl/maps/eas4GP28C1GyStnu6,https://www.openstreetmap.org/relation/535790,869595,https://flagcdn.com/km.svg,https://mainfacts.com/media/images/coats_of_arms/km.svg,
Cook Islands,Cook Islands,جزر كوك,جزر كوك,682,CK,COK,FALSE,FALSE,Avarua,avarua,Oceania,أوقيانوسيا,Polynesia,236,https://goo.gl/maps/nrGZrvWRGB4WHgDC9,https://www.openstreetmap.org/relation/2184233,18100,https://flagcdn.com/ck.svg,https://mainfacts.com/media/images/coats_of_arms/ck.svg,
Costa Rica,Republic of Costa Rica,كوستا ريكا,جمهورية كوستاريكا,506,CR,CRI,TRUE,TRUE,San José,سان خوسيه,Americas,الأمريكتين,Central America,51100,https://goo.gl/maps/RFiwytjvNrpfKN7k6,https://www.openstreetmap.org/relation/287667,5094114,https://flagcdn.com/cr.svg,https://mainfacts.com/media/images/coats_of_arms/cr.svg,
Croatia,Republic of Croatia,كرواتيا,جمهورية كرواتيا,385,HR,HRV,TRUE,TRUE,Zagreb,زغرب.,Europe,أوروبا,Southeast Europe,56594,https://goo.gl/maps/qSG6xTKUmrYpwmGQ6,https://www.openstreetmap.org/relation/214885,4047200,https://flagcdn.com/hr.svg,https://mainfacts.com/media/images/coats_of_arms/hr.svg,
Cuba,Republic of Cuba,كوبا,جمهورية كوبا,53,CU,CUB,TRUE,TRUE,Havana,هافانا,Americas,الأمريكتين,Caribbean,109884,https://goo.gl/maps/1dDw1QfZspfMUTm99,https://www.openstreetmap.org/relation/307833,11326616,https://flagcdn.com/cu.svg,https://mainfacts.com/media/images/coats_of_arms/cu.svg,
Curacao,Country of Curaçao,كوراكاو,بلد كورراو,599,CW,CUW,FALSE,FALSE,Willemstad,ويلمستاد,Americas,الأمريكتين,Caribbean,444,https://goo.gl/maps/9D3hTeA3qKaRT7S16,https://www.openstreetmap.org/relation/1216719,155014,https://flagcdn.com/cw.svg,https://mainfacts.com/media/images/coats_of_arms/cw.svg,
Cyprus,Republic of Cyprus,قبرص,جمهورية قبرص,357,CY,CYP,TRUE,TRUE,Nicosia,نيقوسيا,Europe,أوروبا,Southern Europe,9251,https://goo.gl/maps/77hPBRdLid8yD5Bm7,https://www.openstreetmap.org/relation/307787,1207361,https://flagcdn.com/cy.svg,https://mainfacts.com/media/images/coats_of_arms/cy.svg,
Czech Republic,Czech Republic,الجمهورية التشيكية,الجمهورية التشيكية,420,CZ,CZE,TRUE,TRUE,Prague,براغ,Europe,أوروبا,Central Europe,78865,https://goo.gl/maps/47dmgeXMZyhDHyQW8,https://www.openstreetmap.org/relation/51684,10698896,https://flagcdn.com/cz.svg,https://mainfacts.com/media/images/coats_of_arms/cz.svg,
Denmark,Kingdom of Denmark,الدنمارك,مملكة الدنمارك,45,DK,DNK,TRUE,TRUE,Copenhagen,كوبنهاغن,Europe,أوروبا,Northern Europe,43094,https://goo.gl/maps/UddGPN7hAyrtpFiT6,https://www.openstreetmap.org/relation/50046,5831404,https://flagcdn.com/dk.svg,https://mainfacts.com/media/images/coats_of_arms/dk.svg,
Djibouti,Republic of Djibouti,جيبوتي,جمهورية جيبوتي,253,DJ,DJI,TRUE,TRUE,Djibouti,جيبوتي,Africa,أفريقيا,Eastern Africa,23200,https://goo.gl/maps/V1HWfzN3bS1kwf4C6,https://www.openstreetmap.org/relation/192801,988002,https://flagcdn.com/dj.svg,https://mainfacts.com/media/images/coats_of_arms/dj.svg,
Dominica,Commonwealth of Dominica,دومينيكا,كومنولث دومينيكا,1-767,DM,DMA,TRUE,TRUE,Roseau,روزو,Americas,الأمريكتين,Caribbean,751,https://goo.gl/maps/HSKdHYpFC8oHHuyV7,https://www.openstreetmap.org/relation/307823,71991,https://flagcdn.com/dm.svg,https://mainfacts.com/media/images/coats_of_arms/dm.svg,
Dominican Republic,Dominican Republic,جمهورية الدومنيكان,جمهورية الدومنيكان,"1-809, 1-829, 1-849",DO,DOM,TRUE,TRUE,Santo Domingo,سانتو دومينغو,Americas,الأمريكتين,Caribbean,48671,https://goo.gl/maps/soxooTHxEeiAbn3UA,https://www.openstreetmap.org/relation/307828,10847904,https://flagcdn.com/do.svg,https://mainfacts.com/media/images/coats_of_arms/do.svg,
Democratic Republic of the Congo,Democratic Republic of the Congo,جمهورية الكونغو الديموقراطية,جمهورية الكونغو الديموقراطية,243,CD,COD,TRUE,TRUE,Kinshasa,كينشاسا,Africa,أفريقيا,Middle Africa,2344858,https://goo.gl/maps/KfhNVn6VqdZXWu8n9,https://www.openstreetmap.org/relation/192795,89561404,https://flagcdn.com/cd.svg,https://mainfacts.com/media/images/coats_of_arms/cd.svg,
Ecuador,Republic of Ecuador,الإكوادور,جمهورية الاكوادور,593,EC,ECU,TRUE,TRUE,Quito,كيتو,Americas,الأمريكتين,South America,276841,https://goo.gl/maps/TbX8hUW4gcbRPZiK7,https://www.openstreetmap.org/relation/108089,17643060,https://flagcdn.com/ec.svg,https://mainfacts.com/media/images/coats_of_arms/ec.svg,
Egypt,Arab Republic of Egypt,مصر,جمهورية مصر العربية,20,EG,EGY,TRUE,TRUE,Cairo,القاهرة,Africa,أفريقيا,Northern Africa,1002450,https://goo.gl/maps/uoDRhXbsqjG6L7VG7,https://www.openstreetmap.org/relation/1473947,102334403,https://flagcdn.com/eg.svg,https://mainfacts.com/media/images/coats_of_arms/eg.svg,
El Salvador,Republic of El Salvador,السلفادور,جمهورية السلفادور,503,SV,SLV,TRUE,TRUE,San Salvador,سان سلفادور,Americas,الأمريكتين,Central America,21041,https://goo.gl/maps/cZnCEi5sEMQtKKcB7,https://www.openstreetmap.org/relation/1520612,6486201,https://flagcdn.com/sv.svg,https://mainfacts.com/media/images/coats_of_arms/sv.svg,
Equatorial Guinea,Republic of Equatorial Guinea,غينيا الإستوائية,جمهورية غينيا الاستوائية,240,GQ,GNQ,TRUE,TRUE,Malabo,مالابو,Africa,أفريقيا,Middle Africa,28051,https://goo.gl/maps/ucWfFd8aW1FbGMva9,https://www.openstreetmap.org/relation/192791,1402985,https://flagcdn.com/gq.svg,https://mainfacts.com/media/images/coats_of_arms/gq.svg,
Eritrea,State of Eritrea,إريتريا,دولة إريتريا,291,ER,ERI,TRUE,TRUE,Asmara,أسمرة,Africa,أفريقيا,Eastern Africa,117600,https://goo.gl/maps/HRyqUpnPwwG6jY5j6,https://www.openstreetmap.org/relation/296961,5352000,https://flagcdn.com/er.svg,https://mainfacts.com/media/images/coats_of_arms/er.svg,
Estonia,Republic of Estonia,إستونيا,جمهورية إستونيا,372,EE,EST,TRUE,TRUE,Tallinn,تالين,Europe,أوروبا,Northern Europe,45227,https://goo.gl/maps/6SsynwGUodL1sDvq8,https://www.openstreetmap.org/relation/79510,1331057,https://flagcdn.com/ee.svg,https://mainfacts.com/media/images/coats_of_arms/ee.svg,
Eswatini,Kingdom of Eswatini,Eswatini.,مملكة Eswatini,268,SZ,SWZ,TRUE,TRUE,Mbabane,مباباني,Africa,أفريقيا,Southern Africa,17364,https://goo.gl/maps/cUY79eqQihFSE8hV6,https://www.openstreetmap.org/relation/88210,1160164,https://flagcdn.com/sz.svg,,
Ethiopia,Federal Democratic Republic of Ethiopia,أثيوبيا,جمهورية إثيوبيا الديمقراطية الاتحادية,251,ET,ETH,TRUE,TRUE,Addis Ababa,اديس ابابا,Africa,أفريقيا,Eastern Africa,1104300,https://goo.gl/maps/2Q4hQWCbhuZLj3fG6,https://www.openstreetmap.org/relation/192800,114963583,https://flagcdn.com/et.svg,https://mainfacts.com/media/images/coats_of_arms/et.svg,
Falkland Islands,Falkland Islands,جزر فوكلاند,جزر فوكلاند,500,FK,FLK,FALSE,FALSE,Stanley,ستانلي,Americas,الأمريكتين,South America,12173,https://goo.gl/maps/TZH1x7AGanQKifNk7,https://www.openstreetmap.org/relation/2185374,2563,https://flagcdn.com/fk.svg,https://mainfacts.com/media/images/coats_of_arms/fk.svg,
Faroe Islands,Faroe Islands,جزر فاروس,جزر فاروس,298,FO,FRO,FALSE,FALSE,Tórshavn,tórshavn.,Europe,أوروبا,Northern Europe,1393,https://goo.gl/maps/6sTru4SmHdEVcNkM6,https://www.openstreetmap.org/relation/52939,48865,https://flagcdn.com/fo.svg,https://mainfacts.com/media/images/coats_of_arms/fo.svg,
Fiji,Republic of Fiji,فيجي,جمهورية فيجي,679,FJ,FJI,TRUE,TRUE,Suva,سوفا,Oceania,أوقيانوسيا,Melanesia,18272,https://goo.gl/maps/r9fhDqoLZdg1zmE99,https://www.openstreetmap.org/relation/571747,896444,https://flagcdn.com/fj.svg,https://mainfacts.com/media/images/coats_of_arms/fj.svg,
Finland,Republic of Finland,فنلندا,جمهورية فنلندا,358,FI,FIN,TRUE,TRUE,Helsinki,هلسنكي,Europe,أوروبا,Northern Europe,338424,https://goo.gl/maps/HjgWDCNKRAYHrkMn8,openstreetmap.org/relation/54224,5530719,https://flagcdn.com/fi.svg,https://mainfacts.com/media/images/coats_of_arms/fi.svg,
France,French Republic,فرنسا,الجمهورية الفرنسية,33,FR,FRA,TRUE,TRUE,Paris,باريس,Europe,أوروبا,Western Europe,551695,https://goo.gl/maps/g7QxxSFsWyTPKuzd7,https://www.openstreetmap.org/relation/1403916,67391582,https://flagcdn.com/fr.svg,https://mainfacts.com/media/images/coats_of_arms/fr.svg,
French Guiana,Guiana,غيانا الفرنسية,غيانا,594,GF,GUF,FALSE,FALSE,Cayenne,حريف,Americas,الأمريكتين,South America,83534,https://goo.gl/maps/NJawFwMzG7YtCrVP7,https://www.openstreetmap.org/relation/2502058,254541,https://flagcdn.com/gf.svg,https://mainfacts.com/media/images/coats_of_arms/gf.svg,
French Polynesia,French Polynesia,بولينيزيا الفرنسية,بولينيزيا الفرنسية,689,PF,PYF,FALSE,FALSE,Papeetē,papeetē.,Oceania,أوقيانوسيا,Polynesia,4167,https://goo.gl/maps/xgg6BQTRyeQg4e1m6,https://www.openstreetmap.org/relation/3412620,280904,https://flagcdn.com/pf.svg,https://mainfacts.com/media/images/coats_of_arms/pf.svg,
French Southern and Antarctic Lands,Territory of the French Southern and Antarctic Lands,الأراضي الجنوبية والجنوبية الفرنسية,إقليم الأراضي الجنوبية والجنوبية الفرنسية,"00, 33",TF,ATF,FALSE,FALSE,Port-aux-Français,Port-aux-français,Antarctic,القطب الجنوبي,,7747,https://goo.gl/maps/6ua6CX1m4w1xF2Em7,https://www.openstreetmap.org/relation/2186658,400,https://flagcdn.com/tf.svg,https://mainfacts.com/media/images/coats_of_arms/tf.svg,
Gabon,Gabonese Republic,غابون,جمهورية غابونيز,241,GA,GAB,TRUE,TRUE,Libreville,ليبرفيل,Africa,أفريقيا,Middle Africa,267668,https://www.openstreetmap.org/relation/192793,https://goo.gl/maps/vyRSkqw1H1fnq4ry6,2225728,https://flagcdn.com/ga.svg,https://mainfacts.com/media/images/coats_of_arms/ga.svg,
Gambia,Republic of the Gambia,غامبيا,جمهورية غامبيا,220,GM,GMB,TRUE,TRUE,Banjul,بانجول,Africa,أفريقيا,Western Africa,10689,https://goo.gl/maps/bbGBCxxtfD2A9Z4m6,https://www.openstreetmap.org/relation/192774,2416664,https://flagcdn.com/gm.svg,https://mainfacts.com/media/images/coats_of_arms/gm.svg,
Georgia,Georgia,جورجيا,جورجيا,995,GE,GEO,TRUE,TRUE,Tbilisi,tbilisi.,Asia,آسيا,Western Asia,69700,https://goo.gl/maps/bvCaGBePR1ZEDK5cA,https://www.openstreetmap.org/relation/28699,3714000,https://flagcdn.com/ge.svg,https://mainfacts.com/media/images/coats_of_arms/ge.svg,
Germany,Federal Republic of Germany,ألمانيا,جمهورية ألمانيا الاتحادية,49,DE,DEU,TRUE,TRUE,Berlin,برلين,Europe,أوروبا,Western Europe,357114,https://goo.gl/maps/mD9FBMq1nvXUBrkv6,https://www.openstreetmap.org/relation/51477,83240525,https://flagcdn.com/de.svg,https://mainfacts.com/media/images/coats_of_arms/de.svg,
Ghana,Republic of Ghana,غانا,جمهورية غانا,233,GH,GHA,TRUE,TRUE,Accra,accra.,Africa,أفريقيا,Western Africa,238533,https://goo.gl/maps/Avy5RSmdsXFBaiXq8,https://www.openstreetmap.org/relation/192781,31072945,https://flagcdn.com/gh.svg,https://mainfacts.com/media/images/coats_of_arms/gh.svg,
Gibraltar,Gibraltar,جبل طارق,جبل طارق,350,GI,GIB,FALSE,FALSE,Gibraltar,جبل طارق,Europe,أوروبا,Southern Europe,6,https://goo.gl/maps/CEoHAs1t6byCBhHFA,https://www.openstreetmap.org/relation/1278736,33691,https://flagcdn.com/gi.svg,https://mainfacts.com/media/images/coats_of_arms/gi.svg,
Greece,Hellenic Republic,اليونان,جمهورية اليونان,30,GR,GRC,TRUE,TRUE,Athens,أثينا,Europe,أوروبا,Southern Europe,131990,https://goo.gl/maps/LHGcAvuRyD2iKECC6,https://www.openstreetmap.org/relation/192307,10715549,https://flagcdn.com/gr.svg,https://mainfacts.com/media/images/coats_of_arms/gr.svg,
Greenland,Greenland,الأرض الخضراء,الأرض الخضراء,299,GL,GRL,FALSE,FALSE,Nuuk,nuuk.,Americas,الأمريكتين,North America,2166086,https://goo.gl/maps/j3289UPEQXt1ceSy8,https://www.openstreetmap.org/relation/2184073,56367,https://flagcdn.com/gl.svg,https://mainfacts.com/media/images/coats_of_arms/gl.svg,
Grenada,Grenada,غرينادا,غرينادا,1-473,GD,GRD,TRUE,TRUE,St. George's,سانت جورج,Americas,الأمريكتين,Caribbean,344,https://goo.gl/maps/rqWyfUAt4xhvk1Zy9,https://www.openstreetmap.org/relation/550727,112519,https://flagcdn.com/gd.svg,https://mainfacts.com/media/images/coats_of_arms/gd.svg,
Guadeloupe,Guadeloupe,غواديلوب,غواديلوب,590,GP,GLP,FALSE,FALSE,Basse-Terre,Basse-Terre.,Americas,الأمريكتين,Caribbean,1628,https://goo.gl/maps/Dy9R2EufJtoWm8UN9,https://www.openstreetmap.org/relation/7109289,400132,https://flagcdn.com/gp.svg,https://mainfacts.com/media/images/coats_of_arms/gp.svg,
Guam,Guam,غوام,غوام,1-671,GU,GUM,FALSE,FALSE,Hagåtña,hagåtña.,Oceania,أوقيانوسيا,Micronesia,549,https://goo.gl/maps/Xfnq2i279b18cH3C9,https://www.openstreetmap.org/relation/306001,168783,https://flagcdn.com/gu.svg,https://mainfacts.com/media/images/coats_of_arms/gu.svg,
Guatemala,Republic of Guatemala,غواتيمالا,جمهورية غواتيمالا,502,GT,GTM,TRUE,TRUE,Guatemala City,مدينة غواتيمالا,Americas,الأمريكتين,Central America,108889,https://goo.gl/maps/JoRAbem4Hxb9FYbVA,https://www.openstreetmap.org/relation/1521463,16858333,https://flagcdn.com/gt.svg,https://mainfacts.com/media/images/coats_of_arms/gt.svg,
Guernsey,Bailiwick of Guernsey,غيرنسي,Bailiwick من غيرنسي,44-1481,GG,GGY,FALSE,FALSE,St. Peter Port,سانت بيتر ميناء,Europe,أوروبا,Northern Europe,78,https://goo.gl/maps/6kXnQU5QvEZMD9VB7,https://www.openstreetmap.org/relation/270009,62999,https://flagcdn.com/gg.svg,https://mainfacts.com/media/images/coats_of_arms/gg.svg,
Guinea,Republic of Guinea,غينيا,جمهورية غينيا,224,GN,GIN,TRUE,TRUE,Conakry,كوناكري,Africa,أفريقيا,Western Africa,245857,https://goo.gl/maps/8J5oM5sA4Ayr1ZYGA,https://www.openstreetmap.org/relation/192778,13132792,https://flagcdn.com/gn.svg,https://mainfacts.com/media/images/coats_of_arms/gn.svg,
Guinea-Bissau,Republic of Guinea-Bissau,غينيا بيساو,جمهورية غينيا - بيساو,245,GW,GNB,TRUE,FALSE,Bissau,بيساو,Africa,أفريقيا,Western Africa,36125,https://goo.gl/maps/5Wyaz17miUc1zLc67,https://www.openstreetmap.org/relation/192776,1967998,https://flagcdn.com/gw.svg,https://mainfacts.com/media/images/coats_of_arms/gw.svg,
Guyana,Co-operative Republic of Guyana,غيانا,جمهورية غيانا التعاونية,592,GY,GUY,TRUE,TRUE,Georgetown,جورج تاون,Americas,الأمريكتين,South America,214969,https://goo.gl/maps/DFsme2xEeugUAsCx5,https://www.openstreetmap.org/relation/287083,786559,https://flagcdn.com/gy.svg,https://mainfacts.com/media/images/coats_of_arms/gy.svg,
Haiti,Republic of Haiti,هايتي,جمهورية هايتي,509,HT,HTI,TRUE,TRUE,Port-au-Prince,بورت أو برنس,Americas,الأمريكتين,Caribbean,27750,https://goo.gl/maps/9o13xtjuUdqFnHbn9,https://www.openstreetmap.org/relation/307829,11402533,https://flagcdn.com/ht.svg,https://mainfacts.com/media/images/coats_of_arms/ht.svg,
Heard Island and McDonald Islands,Heard Island and McDonald Islands,قلب الجزيرة وجزر ماكدونالز,قلب الجزيرة وجزر ماكدونالز,672,HM,HMD,FALSE,FALSE,,#VALUE!,Antarctic,القطب الجنوبي,,412,https://goo.gl/maps/k5FBAiVaVyozuYeA7,https://www.openstreetmap.org/relation/2177227,0,https://flagcdn.com/hm.svg,,
Honduras,Republic of Honduras,هندوراس,جمهورية هندوراس,504,HN,HND,TRUE,TRUE,Tegucigalpa,Tegucigalpa.,Americas,الأمريكتين,Central America,112492,https://goo.gl/maps/BbeJK8Sk2VkMHbdF8,https://www.openstreetmap.org/relation/287670,9904608,https://flagcdn.com/hn.svg,https://mainfacts.com/media/images/coats_of_arms/hn.svg,
Hong Kong,Hong Kong Special Administrative Region of the People's Republic of China,هونج كونج,هونج كونج المنطقة الإدارية الخاصة لجمهورية الصين الشعبية,852,HK,HKG,FALSE,FALSE,City of Victoria,مدينة فيكتوريا,Asia,آسيا,Eastern Asia,1104,https://goo.gl/maps/1sEnNmT47ffrC8MU8,https://www.openstreetmap.org/relation/913110,7500700,https://flagcdn.com/hk.svg,https://mainfacts.com/media/images/coats_of_arms/hk.svg,
Hungary,Hungary,هنغاريا,هنغاريا,36,HU,HUN,TRUE,TRUE,Budapest,بودابست,Europe,أوروبا,Central Europe,93028,https://goo.gl/maps/9gfPupm5bffixiFJ6,https://www.openstreetmap.org/relation/21335,9749763,https://flagcdn.com/hu.svg,https://mainfacts.com/media/images/coats_of_arms/hu.svg,
Iceland,Iceland,أيسلندا,أيسلندا,354,IS,ISL,TRUE,TRUE,Reykjavik,reykjavik.,Europe,أوروبا,Northern Europe,103000,https://goo.gl/maps/WxFWSQuc3oamNxoE6,https://www.openstreetmap.org/relation/299133,366425,https://flagcdn.com/is.svg,https://mainfacts.com/media/images/coats_of_arms/is.svg,
India,Republic of India,الهند,جمهورية الهند,91,IN,IND,TRUE,TRUE,New Delhi,نيو دلهي,Asia,آسيا,Southern Asia,3287590,https://goo.gl/maps/WSk3fLwG4vtPQetp7,https://www.openstreetmap.org/relation/304716,1380004385,https://flagcdn.com/in.svg,https://mainfacts.com/media/images/coats_of_arms/in.svg,
Indonesia,Republic of Indonesia,إندونيسيا,جمهورية إندونيسيا,62,ID,IDN,TRUE,TRUE,Jakarta,جاكرتا,Asia,آسيا,South-Eastern Asia,1904569,https://goo.gl/maps/9gfPupm5bffixiFJ6,https://www.openstreetmap.org/relation/21335,273523621,https://flagcdn.com/id.svg,https://mainfacts.com/media/images/coats_of_arms/id.svg,
Iran,Islamic Republic of Iran,إيران,جمهورية ايران الاسلامية,98,IR,IRN,TRUE,TRUE,Tehran,طهران,Asia,آسيا,Southern Asia,1648195,https://goo.gl/maps/dMgEGuacBPGYQnjY7,https://www.openstreetmap.org/relation/304938,83992953,https://flagcdn.com/ir.svg,https://mainfacts.com/media/images/coats_of_arms/ir.svg,
Iraq,Republic of Iraq,العراق,جمهورية العراق,964,IQ,IRQ,TRUE,TRUE,Baghdad,بغداد,Asia,آسيا,Western Asia,438317,https://goo.gl/maps/iL8Bmy1sUCW9fUk18,https://www.openstreetmap.org/relation/304934,40222503,https://flagcdn.com/iq.svg,https://mainfacts.com/media/images/coats_of_arms/iq.svg,
Ireland,Republic of Ireland,أيرلندا,جمهورية ايرلندا,353,IE,IRL,TRUE,TRUE,Dublin,دبلن,Europe,أوروبا,Northern Europe,70273,https://goo.gl/maps/hxd1BKxgpchStzQC6,https://www.openstreetmap.org/relation/62273,4994724,https://flagcdn.com/ie.svg,https://mainfacts.com/media/images/coats_of_arms/ie.svg,
Isle of Man,Isle of Man,جزيرة آيل أوف مان,جزيرة آيل أوف مان,44-1624,IM,IMN,FALSE,FALSE,Douglas,دوغلاس,Europe,أوروبا,Northern Europe,572,https://goo.gl/maps/4DqVHDgVaFgnh8ZV8,https://www.openstreetmap.org/relation/62269,85032,https://flagcdn.com/im.svg,https://mainfacts.com/media/images/coats_of_arms/im.svg,
Israel,State of Israel,إسرائيل,دولة إسرائيل,972,IL,ISR,TRUE,TRUE,Jerusalem,بيت المقدس,Asia,آسيا,Western Asia,20770,https://goo.gl/maps/6UY1AH8XeafVwdC97,https://www.openstreetmap.org/relation/1473946,9216900,https://flagcdn.com/il.svg,https://mainfacts.com/media/images/coats_of_arms/il.svg,
Italy,Italian Republic,إيطاليا,الجمهورية الايطالية,39,IT,ITA,TRUE,TRUE,Rome,روما,Europe,أوروبا,Southern Europe,301336,https://goo.gl/maps/8M1K27TDj7StTRTq8,https://www.openstreetmap.org/relation/365331,59554023,https://flagcdn.com/it.svg,https://mainfacts.com/media/images/coats_of_arms/it.svg,
Ivory Coast,Republic of Côte d'Ivoire,ساحل العاج,جمهورية كوت ديفوار,225,CI,CIV,TRUE,TRUE,Yamoussoukro,ياموسوكرو,Africa,أفريقيا,Western Africa,322463,https://goo.gl/maps/wKsmN7f5qAeNtGjP6,https://www.openstreetmap.org/relation/192779,26378275,https://flagcdn.com/ci.svg,https://mainfacts.com/media/images/coats_of_arms/ci.svg,
Jamaica,Jamaica,جامايكا,جامايكا,1-876,JM,JAM,TRUE,TRUE,Kingston,كينغستون,Americas,الأمريكتين,Caribbean,10991,https://goo.gl/maps/Z8mQ6jxnRQKFwJy9A,https://www.openstreetmap.org/relation/555017,2961161,https://flagcdn.com/jm.svg,https://mainfacts.com/media/images/coats_of_arms/jm.svg,
Japan,Japan,اليابان,اليابان,81,JP,JPN,TRUE,TRUE,Tokyo,طوكيو,Asia,آسيا,Eastern Asia,377930,https://goo.gl/maps/NGTLSCSrA8bMrvnX9,https://www.openstreetmap.org/relation/382313,125836021,https://flagcdn.com/jp.svg,https://mainfacts.com/media/images/coats_of_arms/jp.svg,
Jersey,Bailiwick of Jersey,جيرسي,Bailiwick من جيرسي,44-1534,JE,JEY,FALSE,FALSE,Saint Helier,سانت هيلير,Europe,أوروبا,Northern Europe,116,https://goo.gl/maps/rXG8GZZtsqK92kTCA,https://www.openstreetmap.org/relation/367988,100800,https://flagcdn.com/je.svg,https://mainfacts.com/media/images/coats_of_arms/je.svg,
Jordan,Hashemite Kingdom of Jordan,الأردن,المملكة الاردنية الهاشمية,962,JO,JOR,TRUE,TRUE,Amman,عمان,Asia,آسيا,Western Asia,89342,https://goo.gl/maps/ko1dzSDKg8Gsi9A98,https://www.openstreetmap.org/relation/184818,10203140,https://flagcdn.com/jo.svg,https://mainfacts.com/media/images/coats_of_arms/jo.svg,
Kazakhstan,Republic of Kazakhstan,كازاخستان,جمهورية كازاخستان,7,KZ,KAZ,TRUE,TRUE,Nur-Sultan,نور السلطان,Asia,آسيا,Central Asia,2724900,https://goo.gl/maps/8VohJGu7ShuzZYyeA,https://www.openstreetmap.org/relation/214665,18754440,https://flagcdn.com/kz.svg,https://mainfacts.com/media/images/coats_of_arms/kz.svg,
Kenya,Republic of Kenya,كينيا,جمهورية كينيا,254,KE,KEN,TRUE,TRUE,Nairobi,نيروبي,Africa,أفريقيا,Eastern Africa,580367,https://goo.gl/maps/Ni9M7wcCxf8bJHLX8,https://www.openstreetmap.org/relation/192798,53771300,https://flagcdn.com/ke.svg,https://mainfacts.com/media/images/coats_of_arms/ke.svg,
Kiribati,Independent and Sovereign Republic of Kiribati,كيريباتي,جمهورية كيريباتي مستقلة وصالحة,686,KI,KIR,TRUE,TRUE,South Tarawa,جنوب طراوا,Oceania,أوقيانوسيا,Micronesia,811,https://goo.gl/maps/NBfYvrndW4skAimw9,https://www.openstreetmap.org/relation/571178,119446,https://flagcdn.com/ki.svg,https://mainfacts.com/media/images/coats_of_arms/ki.svg,
Kosovo,Republic of Kosovo,كوسوفو,جمهورية كوسوفو,383,XK,UNK,,FALSE,Pristina,بريشتينا,Europe,أوروبا,Southeast Europe,10908,https://goo.gl/maps/CSC4Yc8SWPgburuD9,https://www.openstreetmap.org/relation/2088990,1775378,https://flagcdn.com/xk.svg,https://mainfacts.com/media/images/coats_of_arms/xk.svg,
Kuwait,State of Kuwait,الكويت,دولة الكويت,965,KW,KWT,TRUE,TRUE,Kuwait City,مدينة الكويت,Asia,آسيا,Western Asia,17818,https://goo.gl/maps/aqr3aNQjS1BAvksJ7,https://www.openstreetmap.org/relation/305099,4270563,https://flagcdn.com/kw.svg,https://mainfacts.com/media/images/coats_of_arms/kw.svg,
Kyrgyzstan,Kyrgyz Republic,قيرغيزستان,جمهورية قيرغيزستان,996,KG,KGZ,TRUE,TRUE,Bishkek,بيشكيك,Asia,آسيا,Central Asia,199951,https://goo.gl/maps/SKG8BSMMQVvxkRkB7,https://www.openstreetmap.org/relation/178009,6591600,https://flagcdn.com/kg.svg,https://mainfacts.com/media/images/coats_of_arms/kg.svg,
Laos,Lao People's Democratic Republic,لاوس,جمهورية لاو الديمقراطية الشعبية,856,LA,LAO,TRUE,TRUE,Vientiane,فينتيان,Asia,آسيا,South-Eastern Asia,236800,https://goo.gl/maps/F3asVB7sRKgSnwbE7,https://www.openstreetmap.org/relation/49903,7275556,https://flagcdn.com/la.svg,https://mainfacts.com/media/images/coats_of_arms/la.svg,
Latvia,Republic of Latvia,لاتفيا,جمهورية لاتفيا,371,LV,LVA,TRUE,TRUE,Riga,ريغا,Europe,أوروبا,Northern Europe,64559,https://goo.gl/maps/iQpUkH7ghq31ZtXe9,https://www.openstreetmap.org/relation/72594,1901548,https://flagcdn.com/lv.svg,https://mainfacts.com/media/images/coats_of_arms/lv.svg,
Lebanon,Lebanese Republic,لبنان,الجمهورية اللبنانية,961,LB,LBN,TRUE,TRUE,Beirut,بيروت,Asia,آسيا,Western Asia,10452,https://goo.gl/maps/Sz5VCU8UFBqMyTdc9,https://www.openstreetmap.org/relation/184843,6825442,https://flagcdn.com/lb.svg,https://mainfacts.com/media/images/coats_of_arms/lb.svg,
Lesotho,Kingdom of Lesotho,ليسوتو,مملكة ليسوتو,266,LS,LSO,TRUE,TRUE,Maseru,ماسيرو,Africa,أفريقيا,Southern Africa,30355,https://goo.gl/maps/H8gJi5mL4Cmd1SF28,https://www.openstreetmap.org/relation/2093234,2142252,https://flagcdn.com/ls.svg,https://mainfacts.com/media/images/coats_of_arms/ls.svg,
Liberia,Republic of Liberia,ليبيريا,جمهورية ليبريا,231,LR,LBR,TRUE,TRUE,Monrovia,مونروفيا,Africa,أفريقيا,Western Africa,111369,https://goo.gl/maps/4VsHsc2oeGeRL3wg6,https://www.openstreetmap.org/relation/192780,5057677,https://flagcdn.com/lr.svg,https://mainfacts.com/media/images/coats_of_arms/lr.svg,
Libya,State of Libya,ليبيا,دولة ليبيا,218,LY,LBY,TRUE,TRUE,Tripoli,طرابلس,Africa,أفريقيا,Northern Africa,1759540,https://goo.gl/maps/eLgGnaQWcJEdYRMy5,openstreetmap.org/relation/192758,6871287,https://flagcdn.com/ly.svg,https://mainfacts.com/media/images/coats_of_arms/ly.svg,
Liechtenstein,Principality of Liechtenstein,ليختنشتاين,إمارة ليختنشتاين,423,LI,LIE,TRUE,TRUE,Vaduz,فادوز,Europe,أوروبا,Western Europe,160,https://goo.gl/maps/KNuHeiJzAPodwM7y6,https://www.openstreetmap.org/relation/1155955,38137,https://flagcdn.com/li.svg,https://mainfacts.com/media/images/coats_of_arms/li.svg,
Lithuania,Republic of Lithuania,ليتوانيا,جمهورية ليتوانيا,370,LT,LTU,TRUE,TRUE,Vilnius,فيلنيوس,Europe,أوروبا,Northern Europe,65300,https://goo.gl/maps/dd1s9rrLjrK2G8yY6,https://www.openstreetmap.org/relation/72596,2794700,https://flagcdn.com/lt.svg,https://mainfacts.com/media/images/coats_of_arms/lt.svg,
Luxembourg,Grand Duchy of Luxembourg,لوكسمبورغ,الدوق الكبير لوكسمبورغ,352,LU,LUX,TRUE,TRUE,Luxembourg,لوكسمبورغ,Europe,أوروبا,Western Europe,2586,https://goo.gl/maps/L6b2AgndgHprt2Ko9,https://www.openstreetmap.org/relation/2171347#map=10/49.8167/6.1335,632275,https://flagcdn.com/lu.svg,https://mainfacts.com/media/images/coats_of_arms/lu.svg,
Macau,Macao Special Administrative Region of the People's Republic of China,ماكاو,ماكاو المنطقة الإدارية الخاصة لجمهورية الصين الشعبية,853,MO,MAC,FALSE,FALSE,,#VALUE!,Asia,آسيا,Eastern Asia,30,https://goo.gl/maps/whymRdk3dZFfAAs4A,https://www.openstreetmap.org/relation/1867188,649342,https://flagcdn.com/mo.svg,https://mainfacts.com/media/images/coats_of_arms/mo.svg,
Madagascar,Republic of Madagascar,مدغشقر,جمهورية مدغشقر,261,MG,MDG,TRUE,TRUE,Antananarivo,Antananarivo.,Africa,أفريقيا,Eastern Africa,587041,https://goo.gl/maps/AHQh2ABBaFW6Ngj26,https://www.openstreetmap.org/relation/447325,27691019,https://flagcdn.com/mg.svg,https://mainfacts.com/media/images/coats_of_arms/mg.svg,
Malawi,Republic of Malawi,ملاوي,جمهورية ملاوي,265,MW,MWI,TRUE,TRUE,Lilongwe,lilongwe.,Africa,أفريقيا,Eastern Africa,118484,https://goo.gl/maps/mc6z83pW9m98X2Ef6,https://www.openstreetmap.org/relation/195290,19129955,https://flagcdn.com/mw.svg,https://mainfacts.com/media/images/coats_of_arms/mw.svg,
Malaysia,Malaysia,ماليزيا,ماليزيا,60,MY,MYS,TRUE,TRUE,Kuala Lumpur,كوالا لمبور,Asia,آسيا,South-Eastern Asia,330803,https://goo.gl/maps/qrY1PNeUXGyXDcPy6,https://www.openstreetmap.org/relation/2108121,32365998,https://flagcdn.com/my.svg,https://mainfacts.com/media/images/coats_of_arms/my.svg,
Maldives,Republic of the Maldives,جزر المالديف,جمهورية المالديف,960,MV,MDV,TRUE,TRUE,Malé,ذكر,Asia,آسيا,Southern Asia,300,https://goo.gl/maps/MNAWGq9vEdbZ9vUV7,https://www.openstreetmap.org/relation/536773,540542,https://flagcdn.com/mv.svg,https://mainfacts.com/media/images/coats_of_arms/mv.svg,
Mali,Republic of Mali,مالي,جمهورية مالي,223,ML,MLI,TRUE,TRUE,Bamako,باماكو,Africa,أفريقيا,Western Africa,1240192,https://goo.gl/maps/u9mYJkCB19wyuzh27,https://www.openstreetmap.org/relation/192785,20250834,https://flagcdn.com/ml.svg,https://mainfacts.com/media/images/coats_of_arms/ml.svg,
Malta,Republic of Malta,مالطا,جمهورية مالطا,356,MT,MLT,TRUE,TRUE,Valletta,فاليتا,Europe,أوروبا,Southern Europe,316,https://goo.gl/maps/skXCqguxDxxEKVk47,https://www.openstreetmap.org/relation/365307,525285,https://flagcdn.com/mt.svg,https://mainfacts.com/media/images/coats_of_arms/mt.svg,
Marshall Islands,Republic of the Marshall Islands,جزر مارشال,جمهورية جزر مارشال,692,MH,MHL,TRUE,TRUE,Majuro,ماجورو,Oceania,أوقيانوسيا,Micronesia,181,https://goo.gl/maps/A4xLi1XvcX88gi3W8,https://www.openstreetmap.org/relation/571771,59194,https://flagcdn.com/mh.svg,https://mainfacts.com/media/images/coats_of_arms/mh.svg,
Martinique,Martinique,مارتينيك,مارتينيك,596,MQ,MTQ,FALSE,FALSE,Fort-de-France,فورت دو فرانس,Americas,الأمريكتين,Caribbean,1128,https://goo.gl/maps/87ER7sDAFU7JjcvR6,https://www.openstreetmap.org/relation/2473088,378243,https://flagcdn.com/mq.svg,https://mainfacts.com/media/images/coats_of_arms/mq.svg,
Mauritania,Islamic Republic of Mauritania,موريتانيا,جمهورية موريتانيا الإسلامية,222,MR,MRT,TRUE,TRUE,Nouakchott,نواكشوط,Africa,أفريقيا,Western Africa,1030700,https://goo.gl/maps/im2MmQ5jFjzxWBks5,https://www.openstreetmap.org/relation/192763,4649660,https://flagcdn.com/mr.svg,https://mainfacts.com/media/images/coats_of_arms/mr.svg,
Mauritius,Republic of Mauritius,موريشيوس,جمهورية موريشيوس,230,MU,MUS,TRUE,TRUE,Port Louis,بورت لويس,Africa,أفريقيا,Eastern Africa,2040,https://goo.gl/maps/PpKtZ4W3tir5iGrz7,https://www.openstreetmap.org/relation/535828,1265740,https://flagcdn.com/mu.svg,https://mainfacts.com/media/images/coats_of_arms/mu.svg,
Mayotte,Department of Mayotte,مايوت,قسم مايوتي,262,YT,MYT,FALSE,FALSE,Mamoudzou,مامودزو,Africa,أفريقيا,Eastern Africa,374,https://goo.gl/maps/1e7MXmfBwQv3TQGF7,https://www.openstreetmap.org/relation/1259885,226915,https://flagcdn.com/yt.svg,,
Mexico,United Mexican States,المكسيك,الولايات المتحدة الأمريكية الولايات المتحدة,52,MX,MEX,TRUE,TRUE,Mexico City,مدينة مكسيكو,Americas,الأمريكتين,North America,1964375,https://goo.gl/maps/s5g7imNPMDEePxzbA,https://www.openstreetmap.org/relation/114686,128932753,https://flagcdn.com/mx.svg,https://mainfacts.com/media/images/coats_of_arms/mx.svg,
Micronesia,Federated States of Micronesia,ميكرونيزيا,ولايات ميكرونيزيا الموحدة,691,FM,FSM,TRUE,TRUE,Palikir,Palikir,Oceania,أوقيانوسيا,Micronesia,702,https://goo.gl/maps/LLcnofC5LxZsJXTo8,https://www.openstreetmap.org/relation/571802,115021,https://flagcdn.com/fm.svg,https://mainfacts.com/media/images/coats_of_arms/fm.svg,
Moldova,Republic of Moldova,مولدوفا,جمهورية مولدوفا,373,MD,MDA,TRUE,TRUE,Chișinău,كيشيناو,Europe,أوروبا,Eastern Europe,33846,https://goo.gl/maps/JjmyUuULujnDeFPf7,https://www.openstreetmap.org/relation/58974,2617820,https://flagcdn.com/md.svg,https://mainfacts.com/media/images/coats_of_arms/md.svg,
Monaco,Principality of Monaco,موناكو,إمارة موناكو,377,MC,MCO,TRUE,TRUE,Monaco,موناكو,Europe,أوروبا,Western Europe,2.02,https://goo.gl/maps/DGpndDot28bYdXYn7,https://www.openstreetmap.org/relation/1124039,39244,https://flagcdn.com/mc.svg,https://mainfacts.com/media/images/coats_of_arms/mc.svg,
Mongolia,Mongolia,منغوليا,منغوليا,976,MN,MNG,TRUE,TRUE,Ulan Bator,أولان باتور,Asia,آسيا,Eastern Asia,1564110,https://goo.gl/maps/A1X7bMCKThBDNjzH6,https://www.openstreetmap.org/relation/161033,3278292,https://flagcdn.com/mn.svg,https://mainfacts.com/media/images/coats_of_arms/mn.svg,
Montenegro,Montenegro,الجبل الأسود,الجبل الأسود,382,ME,MNE,TRUE,TRUE,Podgorica,podgorica.,Europe,أوروبا,Southeast Europe,13812,https://goo.gl/maps/4THX1fM7WqANuPbB8,https://www.openstreetmap.org/relation/53296,621718,https://flagcdn.com/me.svg,https://mainfacts.com/media/images/coats_of_arms/me.svg,
Montserrat,Montserrat,مونتسيرات,مونتسيرات,1-664,MS,MSR,FALSE,FALSE,Plymouth,بليموث,Americas,الأمريكتين,Caribbean,102,https://goo.gl/maps/CSbe7UmxPmiwQB7GA,https://www.openstreetmap.org/relation/537257,4922,https://flagcdn.com/ms.svg,https://mainfacts.com/media/images/coats_of_arms/ms.svg,
Morocco,Kingdom of Morocco,المغرب,مملكة المغرب,212,MA,MAR,TRUE,TRUE,Rabat,الرباط,Africa,أفريقيا,Northern Africa,446550,https://goo.gl/maps/6oMv3dyBZg3iaXQ5A,https://www.openstreetmap.org/relation/3630439,36910558,https://flagcdn.com/ma.svg,https://mainfacts.com/media/images/coats_of_arms/ma.svg,
Mozambique,Republic of Mozambique,موزمبيق,جمهورية موزامبيق,258,MZ,MOZ,TRUE,TRUE,Maputo,مابوتو,Africa,أفريقيا,Eastern Africa,801590,https://goo.gl/maps/xCLcY9fzU6x4Pueu5,https://www.openstreetmap.org/relation/195273,31255435,https://flagcdn.com/mz.svg,https://mainfacts.com/media/images/coats_of_arms/mz.svg,
Myanmar,Republic of the Union of Myanmar,ميانمار,جمهورية اتحاد ميانمار,95,MM,MMR,TRUE,TRUE,Naypyidaw,naypyidaw.,Asia,آسيا,South-Eastern Asia,676578,https://goo.gl/maps/4jrZyJkDERUfHyp26,https://www.openstreetmap.org/relation/50371,54409794,https://flagcdn.com/mm.svg,https://mainfacts.com/media/images/coats_of_arms/mm.svg,
Namibia,Republic of Namibia,ناميبيا,جمهورية ناميبيا,264,NA,NAM,TRUE,TRUE,Windhoek,ويندهوك,Africa,أفريقيا,Southern Africa,825615,https://goo.gl/maps/oR1i8BFEYX3EY83WA,https://www.openstreetmap.org/relation/195266,2540916,https://flagcdn.com/na.svg,https://mainfacts.com/media/images/coats_of_arms/na.svg,
Nauru,Republic of Nauru,ناورو,جمهورية ناورو,674,NR,NRU,TRUE,TRUE,Yaren,يارين,Oceania,أوقيانوسيا,Micronesia,21,https://goo.gl/maps/kyAGw6XEJgjSMsTK7,https://www.openstreetmap.org/relation/571804,10834,https://flagcdn.com/nr.svg,https://mainfacts.com/media/images/coats_of_arms/nr.svg,
Nepal,Federal Democratic Republic of Nepal,نيبال,جمهورية نيبال الديمقراطية الفيدرالية,977,NP,NPL,TRUE,TRUE,Kathmandu,كاتماندو,Asia,آسيا,Southern Asia,147181,https://goo.gl/maps/UMj2zpbQp7B5c3yT7,https://www.openstreetmap.org/relation/184633,29136808,https://flagcdn.com/np.svg,https://mainfacts.com/media/images/coats_of_arms/np.svg,
Netherlands,Kingdom of the Netherlands,هولندا,مملكة هولندا,31,NL,NLD,TRUE,TRUE,Amsterdam,أمستردام,Europe,أوروبا,Western Europe,41850,https://goo.gl/maps/Hv6zQswGhFxoVVBm6,https://www.openstreetmap.org/relation/47796,16655799,https://flagcdn.com/nl.svg,https://mainfacts.com/media/images/coats_of_arms/nl.svg,
New Caledonia,New Caledonia,كاليدونيا الجديدة,كاليدونيا الجديدة,687,NC,NCL,FALSE,FALSE,Nouméa,نوميا,Oceania,أوقيانوسيا,Melanesia,18575,https://goo.gl/maps/cBhtCeMdob4U7FRU9,https://www.openstreetmap.org/relation/3407643,271960,https://flagcdn.com/nc.svg,https://mainfacts.com/media/images/coats_of_arms/nc.svg,
New Zealand,New Zealand,نيوزيلندا,نيوزيلندا,64,NZ,NZL,TRUE,TRUE,Wellington,ولينغتون,Oceania,أوقيانوسيا,Australia and New Zealand,270467,https://goo.gl/maps/xXiDQo65dwdpw9iu8,https://www.openstreetmap.org/relation/556706#map=5/-46.710/172.046,5084300,https://flagcdn.com/nz.svg,https://mainfacts.com/media/images/coats_of_arms/nz.svg,
Nicaragua,Republic of Nicaragua,نيكاراغوا,جمهورية نيكاراغوا,505,NI,NIC,TRUE,TRUE,Managua,ماناغوا,Americas,الأمريكتين,Central America,130373,https://goo.gl/maps/P77LaEVkKJKXneRC6,https://www.openstreetmap.org/relation/287666,6624554,https://flagcdn.com/ni.svg,https://mainfacts.com/media/images/coats_of_arms/ni.svg,
Niger,Republic of Niger,النيجر,جمهورية النيجر,227,NE,NER,TRUE,TRUE,Niamey,نيامي,Africa,أفريقيا,Western Africa,1267000,https://goo.gl/maps/VKNU2TLsZcgxM49c8,https://www.openstreetmap.org/relation/192786,24206636,https://flagcdn.com/ne.svg,https://mainfacts.com/media/images/coats_of_arms/ne.svg,
Nigeria,Federal Republic of Nigeria,نيجيريا,جمهورية نيجيريا الاتحادية,234,NG,NGA,TRUE,TRUE,Abuja,أبوجا,Africa,أفريقيا,Western Africa,923768,https://goo.gl/maps/LTn417qWwBPFszuV9,https://www.openstreetmap.org/relation/192787,206139587,https://flagcdn.com/ng.svg,https://mainfacts.com/media/images/coats_of_arms/ng.svg,
Niue,Niue,NIUE,NIUE,683,NU,NIU,FALSE,FALSE,Alofi,alofi,Oceania,أوقيانوسيا,Polynesia,260,https://goo.gl/maps/xFgdzs3E55Rk1y8P9,https://www.openstreetmap.org/relation/1558556,1470,https://flagcdn.com/nu.svg,,
Norfolk Island,Territory of Norfolk Island,جزيرة نورفولك,إقليم جزيرة نورفولك,672,NF,NFK,FALSE,FALSE,Kingston,كينغستون,Oceania,أوقيانوسيا,Australia and New Zealand,36,https://goo.gl/maps/pbvtm6XYd1iZbjky5,https://www.openstreetmap.org/relation/2574988,2302,https://flagcdn.com/nf.svg,,
North Korea,Democratic People's Republic of Korea,كوريا الشمالية,جمهورية كوريا الديمقراطية االشعبية,850,KP,PRK,TRUE,TRUE,Pyongyang,بيونج يانج,Asia,آسيا,Eastern Asia,120538,https://goo.gl/maps/9q5T2DMeH5JL7Tky6,https://www.openstreetmap.org/relation/192734,25778815,https://flagcdn.com/kp.svg,https://mainfacts.com/media/images/coats_of_arms/kp.svg,
North Macedonia,Republic of North Macedonia,مقدونيا الشمالية,جمهورية مقدونيا الشمالية,389,MK,MKD,TRUE,TRUE,Skopje,skopje.,Europe,أوروبا,Southeast Europe,25713,https://goo.gl/maps/55Q8MEnF6ACdu3q79,https://www.openstreetmap.org/relation/53293,2077132,https://flagcdn.com/mk.svg,https://mainfacts.com/media/images/coats_of_arms/mk.svg,
Northern Mariana Islands,Commonwealth of the Northern Mariana Islands,جزر مريانا الشمالية,كومنولث جزر ماريانا الشمالية,1-670,MP,MNP,FALSE,FALSE,Saipan,سايبان,Oceania,أوقيانوسيا,Micronesia,464,https://goo.gl/maps/cpZ67knoRAcfu1417,https://www.openstreetmap.org/relation/306004,57557,https://flagcdn.com/mp.svg,,
Norway,Kingdom of Norway,النرويج,مملكة النرويج,47,NO,NOR,TRUE,TRUE,Oslo,أوسلو,Europe,أوروبا,Northern Europe,323802,https://goo.gl/maps/htWRrphA7vNgQNdSA,https://www.openstreetmap.org/relation/2978650,5379475,https://flagcdn.com/no.svg,https://mainfacts.com/media/images/coats_of_arms/no.svg,
Oman,Sultanate of Oman,سلطنة عمان,سلطنة عمان,968,OM,OMN,TRUE,TRUE,Muscat,مسقط,Asia,آسيا,Western Asia,309500,https://goo.gl/maps/L2BoXoAwDDwWecnw5,https://www.openstreetmap.org/relation/305138,5106622,https://flagcdn.com/om.svg,https://mainfacts.com/media/images/coats_of_arms/om.svg,
Pakistan,Islamic Republic of Pakistan,باكستان,جمهورية باكستان الإسلامية,92,PK,PAK,TRUE,TRUE,Islamabad,اسلام آباد,Asia,آسيا,Southern Asia,881912,https://goo.gl/maps/5LYujdfR5yLUXoERA,https://www.openstreetmap.org/relation/307573,220892331,https://flagcdn.com/pk.svg,https://mainfacts.com/media/images/coats_of_arms/pk.svg,
Palau,Republic of Palau,بالاو,جمهورية بالاو,680,PW,PLW,TRUE,TRUE,Ngerulmud,ngerulmud.,Oceania,أوقيانوسيا,Micronesia,459,https://goo.gl/maps/MVasQBbUkQP7qQDR9,https://www.openstreetmap.org/relation/571805,18092,https://flagcdn.com/pw.svg,https://mainfacts.com/media/images/coats_of_arms/pw.svg,
Palestine,State of Palestine,فلسطين,دولة فلسطين,970,PS,PSE,FALSE,FALSE,Ramallah,رام الله,Asia,آسيا,Western Asia,6220,https://goo.gl/maps/QvTbkRdmdWEoYAmt5,https://www.openstreetmap.org/relation/1703814,4803269,https://flagcdn.com/ps.svg,https://mainfacts.com/media/images/coats_of_arms/ps.svg,
Panama,Republic of Panama,بنما,جمهورية بنما,507,PA,PAN,TRUE,TRUE,Panama City,مدينة باناما,Americas,الأمريكتين,Central America,75417,https://goo.gl/maps/sEN7sKqeawa5oPNLA,https://www.openstreetmap.org/relation/287668,4314768,https://flagcdn.com/pa.svg,https://mainfacts.com/media/images/coats_of_arms/pa.svg,
Papua New Guinea,Independent State of Papua New Guinea,بابوا غينيا الجديدة,حالة مستقلة من بابوا غينيا الجديدة,675,PG,PNG,TRUE,TRUE,Port Moresby,مرفئ مويسبي,Oceania,أوقيانوسيا,Melanesia,462840,https://goo.gl/maps/ChGmzZBjZ3vnBwR2A,https://goo.gl/maps/ChGmzZBjZ3vnBwR2A,8947027,https://flagcdn.com/pg.svg,https://mainfacts.com/media/images/coats_of_arms/pg.svg,
Paraguay,Republic of Paraguay,باراجواي,جمهورية باراجواي,595,PY,PRY,TRUE,TRUE,Asunción,asunción.,Americas,الأمريكتين,South America,406752,https://goo.gl/maps/JtnqG73WJn1Gx6mz6,https://www.openstreetmap.org/relation/287077,7132530,https://flagcdn.com/py.svg,https://mainfacts.com/media/images/coats_of_arms/py.svg,
Peru,Republic of Peru,بيرو,جمهورية بيرو,51,PE,PER,TRUE,TRUE,Lima,ليما,Americas,الأمريكتين,South America,1285216,https://goo.gl/maps/uDWEUaXNcZTng1fP6,https://www.openstreetmap.org/relation/288247,32971846,https://flagcdn.com/pe.svg,https://mainfacts.com/media/images/coats_of_arms/pe.svg,
Philippines,Republic of the Philippines,فيلبيني,جمهورية الفلبين,63,PH,PHL,TRUE,TRUE,Manila,مانيلا,Asia,آسيا,South-Eastern Asia,342353,https://goo.gl/maps/k8T2fb5VMUfsWFX6A,https://www.openstreetmap.org/relation/443174,109581085,https://flagcdn.com/ph.svg,https://mainfacts.com/media/images/coats_of_arms/ph.svg,
Pitcairn Islands,Pitcairn Group of Islands,جزر بيتكيرن,مجموعة بيتكيرن الجزر,64,PN,PCN,FALSE,FALSE,Adamstown,Adamstown.,Oceania,أوقيانوسيا,Polynesia,47,https://goo.gl/maps/XGJMnMAigXjXcxSa7,https://www.openstreetmap.org/relation/2185375,56,https://flagcdn.com/pn.svg,,
Poland,Republic of Poland,بولندا,جمهورية بولندا,48,PL,POL,TRUE,TRUE,Warsaw,وارسو,Europe,أوروبا,Central Europe,312679,https://goo.gl/maps/gY9Xw4Sf4415P4949,https://www.openstreetmap.org/relation/49715,37950802,https://flagcdn.com/pl.svg,https://mainfacts.com/media/images/coats_of_arms/pl.svg,
Portugal,Portuguese Republic,البرتغال,جمهورية برتغالية,351,PT,PRT,TRUE,TRUE,Lisbon,لشبونة,Europe,أوروبا,Southern Europe,92090,https://goo.gl/maps/BaTBSyc4GWMmbAKB8,https://www.openstreetmap.org/relation/295480,10305564,https://flagcdn.com/pt.svg,https://mainfacts.com/media/images/coats_of_arms/pt.svg,
Puerto Rico,Commonwealth of Puerto Rico,بويرتو ريكو,كومنولث بويرتو ريكو,"1-787, 1-939",PR,PRI,FALSE,FALSE,San Juan,سان خوان,Americas,الأمريكتين,Caribbean,8870,https://goo.gl/maps/sygfDbtwn389wu8x5,https://www.openstreetmap.org/relation/4422604,3194034,https://flagcdn.com/pr.svg,,
Qatar,State of Qatar,دولة قطر,دولة قطر,974,QA,QAT,TRUE,TRUE,Doha,الدوحة,Asia,آسيا,Western Asia,11586,https://goo.gl/maps/ZV76Y49z7LLUZ2KQ6,https://www.openstreetmap.org/relation/305095,2881060,https://flagcdn.com/qa.svg,https://mainfacts.com/media/images/coats_of_arms/qa.svg,
R�union,Réunion Island,r�union.,جزيرة ريونيون,262,RE,REU,FALSE,FALSE,Saint-Denis,القديس دينيس,Africa,أفريقيا,Eastern Africa,2511,https://goo.gl/maps/wWpBrXsp8UHVbah29,https://www.openstreetmap.org/relation/1785276,840974,https://flagcdn.com/re.svg,,
Republic of the Congo,Republic of the Congo,جمهورية الكونغو,جمهورية الكونغو,242,CG,COG,TRUE,TRUE,Brazzaville,برازافيل,Africa,أفريقيا,Middle Africa,342000,https://goo.gl/maps/Phf5dDDKdfCtuBTb6,https://www.openstreetmap.org/relation/192794,89561404,https://flagcdn.com/cg.svg,,
Romania,Romania,رومانيا,رومانيا,40,RO,ROU,TRUE,TRUE,Bucharest,بوخارست,Europe,أوروبا,Southeast Europe,238391,https://goo.gl/maps/845hAgCf1mDkN3vr7,https://www.openstreetmap.org/relation/90689,19286123,https://flagcdn.com/ro.svg,https://mainfacts.com/media/images/coats_of_arms/ro.svg,
Russia,Russian Federation,روسيا,الاتحاد الروسي,7,RU,RUS,TRUE,TRUE,Moscow,موسكو,Europe,أوروبا,Eastern Europe,17098242,https://goo.gl/maps/4F4PpDhGJgVvLby57,https://www.openstreetmap.org/relation/60189#map=3/65.15/105.29,144104080,https://flagcdn.com/ru.svg,https://mainfacts.com/media/images/coats_of_arms/ru.svg,
Rwanda,Republic of Rwanda,رواندا,جمهورية رواندا,250,RW,RWA,TRUE,TRUE,Kigali,كيغالي,Africa,أفريقيا,Eastern Africa,26338,https://goo.gl/maps/j5xb5r7CLqjYbyP86,https://www.openstreetmap.org/relation/171496,12952209,https://flagcdn.com/rw.svg,https://mainfacts.com/media/images/coats_of_arms/rw.svg,
S�o Tom� and Pr�ncipe,Democratic Republic of São Tomé and Príncipe,S�o Tom� و Pr�ncipe,جمهورية ساو ديمقراطية وبرينكيبي,239,ST,STP,TRUE,TRUE,São Tomé,ساو توم,Africa,أفريقيا,Middle Africa,964,https://goo.gl/maps/9EUppm13RtPX9oF46,https://www.openstreetmap.org/relation/535880,219161,https://flagcdn.com/st.svg,https://mainfacts.com/media/images/coats_of_arms/st.svg,
Saint Barthelemy,Collectivity of Saint Barthélemy,سانت بارتيليمي,جمعية القديس بارثيليمي,590,BL,BLM,FALSE,FALSE,Gustavia,غوستافيا,Americas,الأمريكتين,Caribbean,21,https://goo.gl/maps/Mc7GqH466S7AAk297,https://www.openstreetmap.org/relation/7552779,4255,https://flagcdn.com/bl.svg,,
"Saint Helena, Ascension and Tristan da Cunha","Saint Helena, Ascension and Tristan da Cunha",سانت هيلانة، الصعود و ترابيسان دا كونا,سانت هيلانة، الصعود و ترابيسان دا كونا,290,SH,SHN,FALSE,FALSE,Jamestown,جيمستاون,Africa,أفريقيا,Western Africa,394,https://goo.gl/maps/iv4VxnPzHkjLCJuc6,https://www.openstreetmap.org/relation/4868269#map=13/-15.9657/-5.7120,53192,https://flagcdn.com/sh.svg,,
Saint Kitts and Nevis,Federation of Saint Christopher and Nevis,سانت كيتس ونيفيس,اتحاد القديس كريستوفر ونيفيس,1-869,KN,KNA,TRUE,TRUE,Basseterre,باسيتر,Americas,الأمريكتين,Caribbean,261,https://goo.gl/maps/qiaVwcLVTXX3eoTNA,https://www.openstreetmap.org/relation/536899,53192,https://flagcdn.com/kn.svg,https://mainfacts.com/media/images/coats_of_arms/kn.svg,
Saint Lucia,Saint Lucia,القديسة لوسيا,القديسة لوسيا,1-758,LC,LCA,TRUE,TRUE,Castries,كاستريس,Americas,الأمريكتين,Caribbean,616,https://goo.gl/maps/4HhJ2jkPdSL9BPRcA,https://www.openstreetmap.org/relation/550728,183629,https://flagcdn.com/lc.svg,https://mainfacts.com/media/images/coats_of_arms/lc.svg,
Saint Martin,Saint Martin,القديس مارتن,القديس مارتن,590,MF,MAF,FALSE,FALSE,Marigot,ماريجوت,Americas,الأمريكتين,Caribbean,53,https://goo.gl/maps/P9ho9QuJ9EAR28JEA,https://www.openstreetmap.org/relation/63064,38659,https://flagcdn.com/mf.svg,,
Saint Pierre and Miquelon,Saint Pierre and Miquelon,سانت بيير وميكلون,سانت بيير وميكلون,508,PM,SPM,FALSE,FALSE,Saint-Pierre,سان بيير,Americas,الأمريكتين,North America,242,https://goo.gl/maps/bUM8Yc8pA8ghyhmt6,https://www.openstreetmap.org/relation/3406826,6069,https://flagcdn.com/pm.svg,,
Saint Vincent and the Grenadines,Saint Vincent and the Grenadines,سانت فنسنت وجزر غرينادين,سانت فنسنت وجزر غرينادين,1-784,VC,VCT,TRUE,TRUE,Kingstown,Kingstown.,Americas,الأمريكتين,Caribbean,389,https://goo.gl/maps/wMbnMqjG37FMnrwf7,https://www.openstreetmap.org/relation/550725,110947,https://flagcdn.com/vc.svg,https://mainfacts.com/media/images/coats_of_arms/vc.svg,
Samoa,Independent State of Samoa,ساموا,حالة ساموا مستقلة,685,WS,WSM,TRUE,TRUE,Apia,apia.,Oceania,أوقيانوسيا,Polynesia,2842,https://goo.gl/maps/CFC9fEFP9cfkYUBF9,https://www.openstreetmap.org/relation/1872673,198410,https://flagcdn.com/ws.svg,https://mainfacts.com/media/images/coats_of_arms/ws.svg,
San Marino,Republic of San Marino,سان مارينو,جمهورية سان مارينو,378,SM,SMR,TRUE,TRUE,City of San Marino,مدينة سان مارينو,Europe,أوروبا,Southern Europe,61,https://goo.gl/maps/rxCVJjm8dVY93RPY8,https://www.openstreetmap.org/relation/54624,33938,https://flagcdn.com/sm.svg,https://mainfacts.com/media/images/coats_of_arms/sm.svg,
Senegal,Republic of Senegal,السنغال,جمهورية السنغال,221,SN,SEN,TRUE,TRUE,Dakar,داكار,Africa,أفريقيا,Western Africa,196722,https://goo.gl/maps/o5f1uD5nyihCL3HCA,https://www.openstreetmap.org/relation/192775,16743930,https://flagcdn.com/sn.svg,https://mainfacts.com/media/images/coats_of_arms/sn.svg,
Serbia,Republic of Serbia,صربيا,جمهورية صربيا,381,RS,SRB,TRUE,TRUE,Belgrade,بلغراد,Europe,أوروبا,Southeast Europe,88361,https://goo.gl/maps/2Aqof7aV2Naq8YEK8,https://www.openstreetmap.org/relation/1741311,6908224,https://flagcdn.com/rs.svg,https://mainfacts.com/media/images/coats_of_arms/rs.svg,
Seychelles,Republic of Seychelles,سيشيل,جمهورية سيشيل,248,SC,SYC,TRUE,TRUE,Victoria,فيكتوريا,Africa,أفريقيا,Eastern Africa,452,https://goo.gl/maps/aqCcy2TKh5TV5MAX8,https://www.openstreetmap.org/relation/536765,98462,https://flagcdn.com/sc.svg,https://mainfacts.com/media/images/coats_of_arms/sc.svg,
Sierra Leone,Republic of Sierra Leone,سيرا ليون,جمهورية سيراليون,232,SL,SLE,TRUE,TRUE,Freetown,فريتاون,Africa,أفريقيا,Western Africa,71740,https://goo.gl/maps/jhacar85oq9QaeKB7,https://www.openstreetmap.org/relation/192777,7976985,https://flagcdn.com/sl.svg,https://mainfacts.com/media/images/coats_of_arms/sl.svg,
Singapore,Republic of Singapore,سنغافورة,جمهورية سنغافورة,65,SG,SGP,TRUE,TRUE,Singapore,سنغافورة,Asia,آسيا,South-Eastern Asia,710,https://goo.gl/maps/QbQt9Y9b5KFzsahV6,https://www.openstreetmap.org/relation/536780,5685807,https://flagcdn.com/sg.svg,https://mainfacts.com/media/images/coats_of_arms/sg.svg,
Sint Maarten,Sint Maarten,سينت مارتن,سينت مارتن,1-721,SX,SXM,FALSE,FALSE,Philipsburg,فيليبسبرغ,Americas,الأمريكتين,Caribbean,34,https://goo.gl/maps/DjvcESy1a1oGEZuNA,https://www.openstreetmap.org/relation/1231790,40812,https://flagcdn.com/sx.svg,,
Slovakia,Slovak Republic,سلوفاكيا,جمهورية سلوفاكيا,421,SK,SVK,TRUE,TRUE,Bratislava,براتيسلافا,Europe,أوروبا,Central Europe,49037,https://goo.gl/maps/uNSH2wW4bLoZVYJj7,https://www.openstreetmap.org/relation/14296,5458827,https://flagcdn.com/sk.svg,https://mainfacts.com/media/images/coats_of_arms/sk.svg,
Slovenia,Republic of Slovenia,سلوفينيا,جمهورية سلوفينيا,386,SI,SVN,TRUE,TRUE,Ljubljana,ليوبليانا,Europe,أوروبا,Central Europe,20273,https://goo.gl/maps/7zgFmswcCJh5L5D49,https://www.openstreetmap.org/relation/218657,2100126,https://flagcdn.com/si.svg,https://mainfacts.com/media/images/coats_of_arms/si.svg,
Solomon Islands,Solomon Islands,جزر سليمان,جزر سليمان,677,SB,SLB,TRUE,TRUE,Honiara,هونيارا.,Oceania,أوقيانوسيا,Melanesia,28896,https://goo.gl/maps/JbPkx86Ywjv8C1n8A,https://www.openstreetmap.org/relation/1857436,686878,https://flagcdn.com/sb.svg,https://mainfacts.com/media/images/coats_of_arms/sb.svg,
Somalia,Federal Republic of Somalia,الصومال,جمهورية الصومال الاتحادية,252,SO,SOM,TRUE,TRUE,Mogadishu,مقديشو,Africa,أفريقيا,Eastern Africa,637657,https://goo.gl/maps/8of8q7D1a8p7R6Fc9,https://www.openstreetmap.org/relation/192799,15893219,https://flagcdn.com/so.svg,https://mainfacts.com/media/images/coats_of_arms/so.svg,
South Africa,Republic of South Africa,جنوب أفريقيا,جمهورية جنوب أفريقيا,27,ZA,ZAF,TRUE,TRUE,Pretoria,بريتوريا,Africa,أفريقيا,Southern Africa,1221037,https://goo.gl/maps/CLCZ1R8Uz1KpYhRv6,https://www.openstreetmap.org/relation/87565,59308690,https://flagcdn.com/za.svg,https://mainfacts.com/media/images/coats_of_arms/za.svg,
South Korea,Republic of Korea,كوريا الجنوبية,جمهورية كوريا,82,KR,KOR,TRUE,TRUE,Seoul,سول,Asia,آسيا,Eastern Asia,100210,https://goo.gl/maps/7ecjaJXefjAQhxjGA,https://www.openstreetmap.org/relation/307756,51780579,https://flagcdn.com/kr.svg,https://mainfacts.com/media/images/coats_of_arms/kr.svg,
South Sudan,Republic of South Sudan,جنوب السودان,جمهورية جنوب السودان,211,SS,SSD,TRUE,TRUE,Juba,جوبا,Africa,أفريقيا,Middle Africa,619745,https://goo.gl/maps/Zm1AYCXb9HSNF1P27,https://www.openstreetmap.org/relation/1656678,11193729,https://flagcdn.com/ss.svg,https://mainfacts.com/media/images/coats_of_arms/ss.svg,
Spain,Kingdom of Spain,إسبانيا,مملكة اسبانيا,34,ES,ESP,TRUE,TRUE,Madrid,مدريد,Europe,أوروبا,Southern Europe,505992,https://goo.gl/maps/138JaXW8EZzRVitY9,https://www.openstreetmap.org/relation/1311341,47351567,https://flagcdn.com/es.svg,https://mainfacts.com/media/images/coats_of_arms/es.svg,
Sri Lanka,Democratic Socialist Republic of Sri Lanka,سيريلانكا,جمهورية سريلانكية الاشتراكية الديمقراطية,94,LK,LKA,TRUE,TRUE,Sri Jayawardenepura Kotte,سري جايواردنبورا كوت,Asia,آسيا,Southern Asia,65610,https://goo.gl/maps/VkPHoeFSfgzRQCDv8,https://www.openstreetmap.org/relation/536807,21919000,https://flagcdn.com/lk.svg,https://mainfacts.com/media/images/coats_of_arms/lk.svg,
Sudan,Republic of the Sudan,السودان,جمهورية السودان,249,SD,SDN,TRUE,TRUE,Khartoum,الخرطوم,Africa,أفريقيا,Northern Africa,1886068,https://goo.gl/maps/bNW7YUJCaqR8zcXn7,https://www.openstreetmap.org/relation/192789,43849269,https://flagcdn.com/sd.svg,https://mainfacts.com/media/images/coats_of_arms/sd.svg,
Suriname,Republic of Suriname,سورينام,جمهورية سورينام,597,SR,SUR,TRUE,TRUE,Paramaribo,paramaribo.,Americas,الأمريكتين,South America,163820,https://goo.gl/maps/iy7TuQLSi4qgoBoG7,https://www.openstreetmap.org/relation/287082,586634,https://flagcdn.com/sr.svg,https://mainfacts.com/media/images/coats_of_arms/sr.svg,
Svalbard and Jan Mayen,Svalbard og Jan Mayen,سفالبارد وجان ماين,Svalbard Og Jan Mayen,47,SJ,SJM,FALSE,FALSE,Longyearbyen,longyearbyen,Europe,أوروبا,Northern Europe,-1,https://goo.gl/maps/L2wyyn3cQ16PzQ5J8,https://www.openstreetmap.org/relation/1337397,2562,https://flagcdn.com/sj.svg,,
Sweden,Kingdom of Sweden,السويد,مملكة السويد,46,SE,SWE,TRUE,TRUE,Stockholm,ستوكهولم,Europe,أوروبا,Northern Europe,450295,https://goo.gl/maps/iqygE491ADVgnBW39,https://www.openstreetmap.org/relation/52822,10353442,https://flagcdn.com/se.svg,https://mainfacts.com/media/images/coats_of_arms/se.svg,
Switzerland,Swiss Confederation,سويسرا,الاتحاد السويسري,41,CH,CHE,TRUE,TRUE,Bern,برن,Europe,أوروبا,Western Europe,41284,https://goo.gl/maps/uVuZcXaxSx5jLyEC9,https://www.openstreetmap.org/relation/51701,17500657,https://flagcdn.com/ch.svg,https://mainfacts.com/media/images/coats_of_arms/ch.svg,
Syria,Syrian Arab Republic,سوريا,الجمهورية العربية السورية,963,SY,SYR,TRUE,TRUE,Damascus,دمشق,Asia,آسيا,Western Asia,185180,https://goo.gl/maps/Xe3VnFbwdb4nv2SM9,https://www.openstreetmap.org/relation/184840,17500657,https://flagcdn.com/sy.svg,https://mainfacts.com/media/images/coats_of_arms/sy.svg,
Taiwan,Republic of China (Taiwan),تايوان,جمهورية الصين (تايوان),886,TW,TWN,FALSE,FALSE,Taipei,تايبيه,Asia,آسيا,Eastern Asia,36193,https://goo.gl/maps/HgMKFQjNadF3Wa6B6,https://www.openstreetmap.org/relation/449220,23503349,https://flagcdn.com/tw.svg,https://mainfacts.com/media/images/coats_of_arms/tw.svg,
Tajikistan,Republic of Tajikistan,طاجيكستان,جمهورية طاجيكستان,992,TJ,TJK,TRUE,TRUE,Dushanbe,دشانبي,Asia,آسيا,Central Asia,143100,https://goo.gl/maps/8rQgW88jEXijhVb58,https://www.openstreetmap.org/relation/214626,9537642,https://flagcdn.com/tj.svg,https://mainfacts.com/media/images/coats_of_arms/tj.svg,
Tanzania,United Republic of Tanzania,تنزانيا,جمهورية تنزانيا المتحدة,255,TZ,TZA,TRUE,TRUE,Dodoma,دودوما,Africa,أفريقيا,Eastern Africa,945087,https://goo.gl/maps/NWYMqZYXte4zGZ2Q8,https://www.openstreetmap.org/relation/195270,59734213,https://flagcdn.com/tz.svg,https://mainfacts.com/media/images/coats_of_arms/tz.svg,
Thailand,Kingdom of Thailand,تايلاند,مملكة تايلاند,66,TH,THA,TRUE,TRUE,Bangkok,بانكوك,Asia,آسيا,South-Eastern Asia,513120,https://goo.gl/maps/qeU6uqsfW4nCCwzw9,https://www.openstreetmap.org/relation/2067731,69799978,https://flagcdn.com/th.svg,https://mainfacts.com/media/images/coats_of_arms/th.svg,
Timor-Leste,Democratic Republic of Timor-Leste,تيمور - ليشتي,جمهورية تيمور الديمقراطية - ليشتي,670,TL,TLS,TRUE,TRUE,Dili,بديل,Asia,آسيا,South-Eastern Asia,14874,https://goo.gl/maps/sFqBC9zjgUXPR1iTA,https://www.openstreetmap.org/relation/305142,1318442,https://flagcdn.com/tl.svg,,
Togo,Togolese Republic,توجو,جمهورية توغولا,228,TG,TGO,TRUE,TRUE,Lomé,لومي,Africa,أفريقيا,Western Africa,56785,https://goo.gl/maps/jzAa9feXuXPrKVb89,https://www.openstreetmap.org/relation/192782,8278737,https://flagcdn.com/tg.svg,https://mainfacts.com/media/images/coats_of_arms/tg.svg,
Tokelau,Tokelau,Tokelau.,Tokelau.,690,TK,TKL,FALSE,FALSE,Fakaofo,fakaofo.,Oceania,أوقيانوسيا,Polynesia,12,https://goo.gl/maps/Ap5qN8qien6pT9UN6,https://www.openstreetmap.org/relation/2186600,1411,https://flagcdn.com/tk.svg,,
Tonga,Kingdom of Tonga,تونغا,مملكة تونغا,676,TO,TON,TRUE,TRUE,Nuku'alofa,nuku'alofa.,Oceania,أوقيانوسيا,Polynesia,747,https://goo.gl/maps/p5YALBY2QdEzswRo7,https://www.openstreetmap.org/relation/2186665,105697,https://flagcdn.com/to.svg,https://mainfacts.com/media/images/coats_of_arms/to.svg,
Trinidad and Tobago,Republic of Trinidad and Tobago,ترينداد وتوباغو,جمهورية ترينيداد وتوباغو,1-868,TT,TTO,TRUE,TRUE,Port of Spain,ميناء اسبانيا,Americas,الأمريكتين,Caribbean,5130,https://goo.gl/maps/NrRfDEWoG8FGZqWY7,https://www.openstreetmap.org/relation/555717,1399491,https://flagcdn.com/tt.svg,https://mainfacts.com/media/images/coats_of_arms/tt.svg,
Tunisia,Tunisian Republic,تونس,الجمهورية التونسية,216,TN,TUN,TRUE,TRUE,Tunis,تونس,Africa,أفريقيا,Northern Africa,163610,https://goo.gl/maps/KgUmpZdUuNRaougs8,https://www.openstreetmap.org/relation/192757,11818618,https://flagcdn.com/tn.svg,https://mainfacts.com/media/images/coats_of_arms/tn.svg,
Turkey,Republic of Turkey,ديك رومى,جمهورية تركيا,90,TR,TUR,TRUE,TRUE,Ankara,أنقرة,Asia,آسيا,Western Asia,783562,https://goo.gl/maps/dXFFraiUDfcB6Quk6,https://www.openstreetmap.org/relation/174737,84339067,https://flagcdn.com/tr.svg,https://mainfacts.com/media/images/coats_of_arms/tr.svg,
Turkmenistan,Turkmenistan,تركمانستان,تركمانستان,993,TM,TKM,TRUE,TRUE,Ashgabat,أشج أبات,Asia,آسيا,Central Asia,488100,https://goo.gl/maps/cgfUcaQHSWKuqeKk9,https://www.openstreetmap.org/relation/223026,6031187,https://flagcdn.com/tm.svg,https://mainfacts.com/media/images/coats_of_arms/tm.svg,
Turks and Caicos Islands,Turks and Caicos Islands,جزر تركس وكايكوس,جزر تركس وكايكوس,1-649,TC,TCA,FALSE,FALSE,Cockburn Town,بلدة كوكبورن,Americas,الأمريكتين,Caribbean,948,https://goo.gl/maps/R8VUDQfwZiFtvmyn8,https://www.openstreetmap.org/relation/547479,38718,https://flagcdn.com/tc.svg,,
Tuvalu,Tuvalu,توفالو,توفالو,688,TV,TUV,TRUE,TRUE,Funafuti,funafuti.,Oceania,أوقيانوسيا,Polynesia,26,https://goo.gl/maps/LbuUxtkgm1dfN1Pn6,https://www.openstreetmap.org/relation/2177266,11792,https://flagcdn.com/tv.svg,https://mainfacts.com/media/images/coats_of_arms/tv.svg,
Uganda,Republic of Uganda,أوغندا,جمهورية أوغندا,256,UG,UGA,TRUE,TRUE,Kampala,كمبالا,Africa,أفريقيا,Eastern Africa,241550,https://goo.gl/maps/Y7812hFiGa8LD9N68,https://www.openstreetmap.org/relation/192796,45741000,https://flagcdn.com/ug.svg,https://mainfacts.com/media/images/coats_of_arms/ug.svg,
Ukraine,Ukraine,أوكرانيا,أوكرانيا,380,UA,UKR,TRUE,TRUE,Kyiv,كييف,Europe,أوروبا,Eastern Europe,603500,https://goo.gl/maps/DvgJMiPJ7aozKFZv7,https://www.openstreetmap.org/relation/60199,44134693,https://flagcdn.com/ua.svg,https://mainfacts.com/media/images/coats_of_arms/ua.svg,
United Arab Emirates,United Arab Emirates,الإمارات العربية المتحدة,الإمارات العربية المتحدة,971,AE,ARE,TRUE,TRUE,Abu Dhabi,أبوظبي,Asia,آسيا,Western Asia,83600,https://goo.gl/maps/AZZTDA6GzVAnKMVd8,https://www.openstreetmap.org/relation/307763,9890400,https://flagcdn.com/ae.svg,https://mainfacts.com/media/images/coats_of_arms/ae.svg,
United Kingdom,United Kingdom of Great Britain and Northern Ireland,المملكة المتحدة,المملكة المتحدة لبريطانيا العظمى وأيرلندا الشمالية,44,GB,GBR,TRUE,TRUE,London,لندن,Europe,أوروبا,Northern Europe,242900,https://goo.gl/maps/FoDtc3UKMkFsXAjHA,https://www.openstreetmap.org/relation/62149,67215293,https://flagcdn.com/gb.svg,https://mainfacts.com/media/images/coats_of_arms/gb.svg,
United States,United States of America,الولايات المتحدة الأمريكية,الولايات المتحدة الأمريكية,1,US,USA,TRUE,TRUE,"Washington, D.C.",واشنطن العاصمة.,Americas,الأمريكتين,North America,9372610,https://goo.gl/maps/e8M246zY4BSjkjAv6,https://www.openstreetmap.org/relation/148838#map=2/20.6/-85.8,329484123,https://flagcdn.com/us.svg,https://mainfacts.com/media/images/coats_of_arms/us.svg,
United States Minor Outlying Islands,United States Minor Outlying Islands,جزر الولايات المتحدة البعيدة الصغرى,جزر الولايات المتحدة البعيدة الصغرى,246,UM,UMI,FALSE,FALSE,,#VALUE!,Americas,الأمريكتين,North America,34.2,https://goo.gl/maps/hZKnrzgeK69dDyPF8,https://www.openstreetmap.org/relation/6430384,300,https://flagcdn.com/um.svg,,
U.S. Virgin Islands,Virgin Islands of the United States,جزر فيرجن الأمريكية,جزر فيرجن للولايات المتحدة,1-340,VI,VIR,FALSE,FALSE,Charlotte Amalie,شارلوت أمالي,Americas,الأمريكتين,Caribbean,347,https://goo.gl/maps/mBfreywj8dor6q4m9,openstreetmap.org/relation/286898,106290,https://flagcdn.com/vi.svg,,
Uruguay,Oriental Republic of Uruguay,أوروجواي,جمهورية أوروغواي الشرقية,598,UY,URY,TRUE,TRUE,Montevideo,مونتيفيديو,Americas,الأمريكتين,South America,181034,https://goo.gl/maps/tiQ9Baekb1jQtDSD9,https://www.openstreetmap.org/relation/287072,3473727,https://flagcdn.com/uy.svg,https://mainfacts.com/media/images/coats_of_arms/uy.svg,
Uzbekistan,Republic of Uzbekistan,أوزبكستان,جمهورية أوزبكستان,998,UZ,UZB,TRUE,TRUE,Tashkent,طشقند,Asia,آسيا,Central Asia,447400,https://goo.gl/maps/AJpo6MjMx23qSWCz8,https://www.openstreetmap.org/relation/196240,34232050,https://flagcdn.com/uz.svg,https://mainfacts.com/media/images/coats_of_arms/uz.svg,
Vanuatu,Republic of Vanuatu,فانواتو,جمهورية فانواتو,678,VU,VUT,TRUE,TRUE,Port Vila,ميناء فيلا,Oceania,أوقيانوسيا,Melanesia,12189,https://goo.gl/maps/hwAjehcT7VfvP5zJ8,https://www.openstreetmap.org/relation/2177246,307150,https://flagcdn.com/vu.svg,https://mainfacts.com/media/images/coats_of_arms/vu.svg,
Vatican City,Vatican City State,مدينة الفاتيكان,دولة مدينة الفاتيكان,379,VA,VAT,TRUE,TRUE,Vatican City,مدينة الفاتيكان,Europe,أوروبا,Southern Europe,0.44,https://goo.gl/maps/DTKvw5Bd1QZaDZmE8,https://www.openstreetmap.org/relation/36989,451,https://flagcdn.com/va.svg,https://mainfacts.com/media/images/coats_of_arms/va.svg,
Venezuela,Bolivarian Republic of Venezuela,فنزويلا,جمهورية فنزويلا البوليفارية,58,VE,VEN,TRUE,TRUE,Caracas,كراكاس,Americas,الأمريكتين,South America,916445,https://goo.gl/maps/KLCwDN8sec7z2kse9,https://www.openstreetmap.org/relation/272644,28435943,https://flagcdn.com/ve.svg,https://mainfacts.com/media/images/coats_of_arms/ve.svg,
Vietnam,Socialist Republic of Vietnam,فيتنام,جمهورية فيتنام الاشتراكية,84,VN,VNM,TRUE,TRUE,Hanoi,هانوي,Asia,آسيا,South-Eastern Asia,331212,https://goo.gl/maps/PCpVt9WzdJ9A9nEZ9,https://www.openstreetmap.org/relation/49915,97338583,https://flagcdn.com/vn.svg,https://mainfacts.com/media/images/coats_of_arms/vn.svg,
Wallis and Futuna,Territory of the Wallis and Futuna Islands,واليس وفوتونا,إقليم الجدران وجزر فوتونا,681,WF,WLF,FALSE,FALSE,Mata-Utu,mata-utu.,Oceania,أوقيانوسيا,Polynesia,142,https://goo.gl/maps/CzVqK74QYtbHv65r5,https://www.openstreetmap.org/relation/3412448,11750,https://flagcdn.com/wf.svg,,
Western Sahara,Sahrawi Arab Democratic Republic,الصحراء الغربية,جمهورية الصحراوي العربية الديمقراطية,212,EH,ESH,FALSE,FALSE,El Aaiún,الاي آين,Africa,أفريقيا,Northern Africa,266000,https://goo.gl/maps/7nU3mB69vP6zQp7A8,https://www.openstreetmap.org/relation/5441968,510713,https://flagcdn.com/eh.svg,,
Yemen,Republic of Yemen,اليمن,جمهورية اليمن,967,YE,YEM,TRUE,TRUE,Sana'a,صنعاء,Asia,آسيا,Western Asia,527968,https://goo.gl/maps/WCmE76HKcLideQQw7,https://www.openstreetmap.org/relation/305092,29825968,https://flagcdn.com/ye.svg,https://mainfacts.com/media/images/coats_of_arms/ye.svg,
Zambia,Republic of Zambia,زامبيا,جمهورية زامبيا,260,ZM,ZMB,TRUE,TRUE,Lusaka,لوساكا,Africa,أفريقيا,Eastern Africa,752612,https://goo.gl/maps/mweBcqvW8TppZW6q9,https://www.openstreetmap.org/relation/195271,18383956,https://flagcdn.com/zm.svg,https://mainfacts.com/media/images/coats_of_arms/zm.svg,
Zimbabwe,Republic of Zimbabwe,زيمبابوي,جمهورية زيمبابوي,263,ZW,ZWE,TRUE,TRUE,Harare,هراري,Africa,أفريقيا,Eastern Africa,390757,https://goo.gl/maps/M26BqdwQctqxXS65A,https://www.openstreetmap.org/relation/195272,14862927,https://flagcdn.com/zw.svg,https://mainfacts.com/media/images/coats_of_arms/zw.svg,